2026-07-22 00:17:58.776 [DiscoveryClient-HeartbeatExecutor-%d] DEBUG o.s.web.client.RestTemplate -   - HTTP PUT http://localhost:8761/eureka/apps/API-GATEWAY/10.132.124.77:api-gateway:8080?status=UP&lastDirtyTimestamp=1784653887361
2026-07-22 00:17:58.786 [DiscoveryClient-HeartbeatExecutor-%d] DEBUG o.s.web.client.RestTemplate -   - Accept=[application/json, application/yaml, application/*+json]
2026-07-22 00:17:58.788 [DiscoveryClient-HeartbeatExecutor-%d] DEBUG o.s.web.client.RestTemplate -   - Response 404 NOT_FOUND
2026-07-22 00:17:58.788 [DiscoveryClient-HeartbeatExecutor-%d] INFO  c.netflix.discovery.DiscoveryClient -   - DiscoveryClient_API-GATEWAY/10.132.124.77:api-gateway:8080 - Re-registering apps/API-GATEWAY
2026-07-22 00:17:58.788 [DiscoveryClient-HeartbeatExecutor-%d] INFO  c.netflix.discovery.DiscoveryClient -   - DiscoveryClient_API-GATEWAY/10.132.124.77:api-gateway:8080: registering service...
2026-07-22 00:17:58.788 [DiscoveryClient-HeartbeatExecutor-%d] DEBUG o.s.web.client.RestTemplate -   - HTTP POST http://localhost:8761/eureka/apps/API-GATEWAY
2026-07-22 00:17:58.788 [DiscoveryClient-HeartbeatExecutor-%d] DEBUG o.s.web.client.RestTemplate -   - Accept=[application/json, application/yaml, application/*+json]
2026-07-22 00:17:58.789 [DiscoveryClient-HeartbeatExecutor-%d] DEBUG o.s.web.client.RestTemplate -   - Writing [InstanceInfo [instanceId = 10.132.124.77:api-gateway:8080, appName = API-GATEWAY, hostName = 10.132.124.77, status = UP, ipAddr = 10.132.124.77, port = 8080, securePort = 443, dataCenterInfo = com.netflix.appinfo.MyDataCenterInfo@4cf9330f] as "application/json"
2026-07-22 00:17:58.790 [DiscoveryClient-HeartbeatExecutor-%d] DEBUG o.s.web.client.RestTemplate -   - Response 204 NO_CONTENT
2026-07-22 00:17:58.790 [DiscoveryClient-HeartbeatExecutor-%d] INFO  c.netflix.discovery.DiscoveryClient -   - DiscoveryClient_API-GATEWAY/10.132.124.77:api-gateway:8080 - registration status: 204
2026-07-22 00:18:01.743 [DiscoveryClient-CacheRefreshExecutor-%d] DEBUG o.s.web.client.RestTemplate -   - HTTP GET http://localhost:8761/eureka/apps/delta
2026-07-22 00:18:01.747 [DiscoveryClient-CacheRefreshExecutor-%d] DEBUG o.s.web.client.RestTemplate -   - Accept=[application/json, application/yaml, application/*+json]
2026-07-22 00:18:01.748 [DiscoveryClient-CacheRefreshExecutor-%d] DEBUG o.s.web.client.RestTemplate -   - Response 200 OK
2026-07-22 00:18:01.748 [DiscoveryClient-CacheRefreshExecutor-%d] DEBUG o.s.web.client.RestTemplate -   - Reading to [org.springframework.cloud.netflix.eureka.http.EurekaApplications]
2026-07-22 00:18:01.749 [DiscoveryClient-CacheRefreshExecutor-%d] DEBUG o.s.c.g.r.RouteDefinitionRouteLocator -   - RouteDefinition ReactiveCompositeDiscoveryClient_ACCOUNT-SERVICE applying {pattern=/account-service/**} to Path
2026-07-22 00:18:01.749 [DiscoveryClient-CacheRefreshExecutor-%d] DEBUG o.s.c.g.r.RouteDefinitionRouteLocator -   - RouteDefinition ReactiveCompositeDiscoveryClient_ACCOUNT-SERVICE applying filter {regexp=/account-service/?(?<remaining>.*), replacement=/${remaining}} to RewritePath
2026-07-22 00:18:01.749 [DiscoveryClient-CacheRefreshExecutor-%d] DEBUG o.s.c.g.r.RouteDefinitionRouteLocator -   - RouteDefinition matched: ReactiveCompositeDiscoveryClient_ACCOUNT-SERVICE
2026-07-22 00:18:01.749 [DiscoveryClient-CacheRefreshExecutor-%d] DEBUG o.s.c.g.r.RouteDefinitionRouteLocator -   - RouteDefinition ReactiveCompositeDiscoveryClient_WALLET-SERVICE applying {pattern=/wallet-service/**} to Path
2026-07-22 00:18:01.749 [DiscoveryClient-CacheRefreshExecutor-%d] DEBUG o.s.c.g.r.RouteDefinitionRouteLocator -   - RouteDefinition ReactiveCompositeDiscoveryClient_WALLET-SERVICE applying filter {regexp=/wallet-service/?(?<remaining>.*), replacement=/${remaining}} to RewritePath
2026-07-22 00:18:01.750 [DiscoveryClient-CacheRefreshExecutor-%d] DEBUG o.s.c.g.r.RouteDefinitionRouteLocator -   - RouteDefinition matched: ReactiveCompositeDiscoveryClient_WALLET-SERVICE
2026-07-22 00:18:01.750 [DiscoveryClient-CacheRefreshExecutor-%d] DEBUG o.s.c.g.r.RouteDefinitionRouteLocator -   - RouteDefinition auth-service applying {_genkey_0=/api/auth/**} to Path
2026-07-22 00:18:01.750 [DiscoveryClient-CacheRefreshExecutor-%d] DEBUG o.s.c.g.r.RouteDefinitionRouteLocator -   - RouteDefinition matched: auth-service
2026-07-22 00:18:01.750 [DiscoveryClient-CacheRefreshExecutor-%d] DEBUG o.s.c.g.r.RouteDefinitionRouteLocator -   - RouteDefinition wallet-service applying {_genkey_0=/api/wallets/**} to Path
2026-07-22 00:18:01.750 [DiscoveryClient-CacheRefreshExecutor-%d] DEBUG o.s.c.g.r.RouteDefinitionRouteLocator -   - RouteDefinition wallet-service applying filter {name=walletServiceCB, fallbackuri=forward:/fallback/wallets} to CircuitBreaker
2026-07-22 00:18:01.750 [DiscoveryClient-CacheRefreshExecutor-%d] DEBUG o.s.c.g.r.RouteDefinitionRouteLocator -   - RouteDefinition matched: wallet-service
2026-07-22 00:18:01.750 [DiscoveryClient-CacheRefreshExecutor-%d] DEBUG o.s.c.g.r.RouteDefinitionRouteLocator -   - RouteDefinition account-service applying {_genkey_0=/api/accounts/**} to Path
2026-07-22 00:18:01.750 [DiscoveryClient-CacheRefreshExecutor-%d] DEBUG o.s.c.g.r.RouteDefinitionRouteLocator -   - RouteDefinition account-service applying filter {name=accountServiceCB, fallbackuri=forward:/fallback/accounts} to CircuitBreaker
2026-07-22 00:18:01.750 [DiscoveryClient-CacheRefreshExecutor-%d] DEBUG o.s.c.g.r.RouteDefinitionRouteLocator -   - RouteDefinition matched: account-service
2026-07-22 00:18:01.750 [DiscoveryClient-CacheRefreshExecutor-%d] DEBUG o.s.c.g.r.RouteDefinitionRouteLocator -   - RouteDefinition customer-service applying {_genkey_0=/api/customers/**} to Path
2026-07-22 00:18:01.750 [DiscoveryClient-CacheRefreshExecutor-%d] DEBUG o.s.c.g.r.RouteDefinitionRouteLocator -   - RouteDefinition customer-service applying filter {name=customerServiceCB, fallbackuri=forward:/fallback/customers} to CircuitBreaker
2026-07-22 00:18:01.750 [DiscoveryClient-CacheRefreshExecutor-%d] DEBUG o.s.c.g.r.RouteDefinitionRouteLocator -   - RouteDefinition matched: customer-service
2026-07-22 00:18:01.751 [DiscoveryClient-CacheRefreshExecutor-%d] DEBUG o.s.c.g.filter.GatewayMetricsFilter -   - New routes count: 6
2026-07-22 01:54:57.123 [DiscoveryClient-HeartbeatExecutor-%d] DEBUG o.s.web.client.RestTemplate -   - HTTP PUT http://localhost:8761/eureka/apps/API-GATEWAY/10.132.124.77:api-gateway:8080?status=UP&lastDirtyTimestamp=1784659678788
2026-07-22 01:54:57.133 [DiscoveryClient-HeartbeatExecutor-%d] DEBUG o.s.web.client.RestTemplate -   - Accept=[application/json, application/yaml, application/*+json]
2026-07-22 01:54:57.139 [DiscoveryClient-HeartbeatExecutor-%d] DEBUG o.s.web.client.RestTemplate -   - Response 404 NOT_FOUND
2026-07-22 01:54:57.140 [DiscoveryClient-HeartbeatExecutor-%d] INFO  c.netflix.discovery.DiscoveryClient -   - DiscoveryClient_API-GATEWAY/10.132.124.77:api-gateway:8080 - Re-registering apps/API-GATEWAY
2026-07-22 01:54:57.140 [DiscoveryClient-HeartbeatExecutor-%d] INFO  c.netflix.discovery.DiscoveryClient -   - DiscoveryClient_API-GATEWAY/10.132.124.77:api-gateway:8080: registering service...
2026-07-22 01:54:57.140 [DiscoveryClient-HeartbeatExecutor-%d] DEBUG o.s.web.client.RestTemplate -   - HTTP POST http://localhost:8761/eureka/apps/API-GATEWAY
2026-07-22 01:54:57.140 [DiscoveryClient-HeartbeatExecutor-%d] DEBUG o.s.web.client.RestTemplate -   - Accept=[application/json, application/yaml, application/*+json]
2026-07-22 01:54:57.141 [DiscoveryClient-HeartbeatExecutor-%d] DEBUG o.s.web.client.RestTemplate -   - Writing [InstanceInfo [instanceId = 10.132.124.77:api-gateway:8080, appName = API-GATEWAY, hostName = 10.132.124.77, status = UP, ipAddr = 10.132.124.77, port = 8080, securePort = 443, dataCenterInfo = com.netflix.appinfo.MyDataCenterInfo@4cf9330f] as "application/json"
2026-07-22 01:54:57.144 [DiscoveryClient-HeartbeatExecutor-%d] DEBUG o.s.web.client.RestTemplate -   - Response 204 NO_CONTENT
2026-07-22 01:54:57.144 [DiscoveryClient-HeartbeatExecutor-%d] INFO  c.netflix.discovery.DiscoveryClient -   - DiscoveryClient_API-GATEWAY/10.132.124.77:api-gateway:8080 - registration status: 204
2026-07-22 01:54:59.676 [DiscoveryClient-CacheRefreshExecutor-%d] DEBUG o.s.web.client.RestTemplate -   - HTTP GET http://localhost:8761/eureka/apps/delta
2026-07-22 01:54:59.681 [DiscoveryClient-CacheRefreshExecutor-%d] DEBUG o.s.web.client.RestTemplate -   - Accept=[application/json, application/yaml, application/*+json]
2026-07-22 01:54:59.683 [DiscoveryClient-CacheRefreshExecutor-%d] DEBUG o.s.web.client.RestTemplate -   - Response 200 OK
2026-07-22 01:54:59.683 [DiscoveryClient-CacheRefreshExecutor-%d] DEBUG o.s.web.client.RestTemplate -   - Reading to [org.springframework.cloud.netflix.eureka.http.EurekaApplications]
2026-07-22 01:54:59.684 [DiscoveryClient-CacheRefreshExecutor-%d] DEBUG o.s.c.g.r.RouteDefinitionRouteLocator -   - RouteDefinition auth-service applying {_genkey_0=/api/auth/**} to Path
2026-07-22 01:54:59.686 [DiscoveryClient-CacheRefreshExecutor-%d] DEBUG o.s.c.g.r.RouteDefinitionRouteLocator -   - RouteDefinition matched: auth-service
2026-07-22 01:54:59.686 [DiscoveryClient-CacheRefreshExecutor-%d] DEBUG o.s.c.g.r.RouteDefinitionRouteLocator -   - RouteDefinition wallet-service applying {_genkey_0=/api/wallets/**} to Path
2026-07-22 01:54:59.686 [DiscoveryClient-CacheRefreshExecutor-%d] DEBUG o.s.c.g.r.RouteDefinitionRouteLocator -   - RouteDefinition wallet-service applying filter {name=walletServiceCB, fallbackuri=forward:/fallback/wallets} to CircuitBreaker
2026-07-22 01:54:59.686 [DiscoveryClient-CacheRefreshExecutor-%d] DEBUG o.s.c.g.r.RouteDefinitionRouteLocator -   - RouteDefinition matched: wallet-service
2026-07-22 01:54:59.686 [DiscoveryClient-CacheRefreshExecutor-%d] DEBUG o.s.c.g.r.RouteDefinitionRouteLocator -   - RouteDefinition account-service applying {_genkey_0=/api/accounts/**} to Path
2026-07-22 01:54:59.686 [DiscoveryClient-CacheRefreshExecutor-%d] DEBUG o.s.c.g.r.RouteDefinitionRouteLocator -   - RouteDefinition account-service applying filter {name=accountServiceCB, fallbackuri=forward:/fallback/accounts} to CircuitBreaker
2026-07-22 01:54:59.687 [DiscoveryClient-CacheRefreshExecutor-%d] DEBUG o.s.c.g.r.RouteDefinitionRouteLocator -   - RouteDefinition matched: account-service
2026-07-22 01:54:59.687 [DiscoveryClient-CacheRefreshExecutor-%d] DEBUG o.s.c.g.r.RouteDefinitionRouteLocator -   - RouteDefinition customer-service applying {_genkey_0=/api/customers/**} to Path
2026-07-22 01:54:59.687 [DiscoveryClient-CacheRefreshExecutor-%d] DEBUG o.s.c.g.r.RouteDefinitionRouteLocator -   - RouteDefinition customer-service applying filter {name=customerServiceCB, fallbackuri=forward:/fallback/customers} to CircuitBreaker
2026-07-22 01:54:59.687 [DiscoveryClient-CacheRefreshExecutor-%d] DEBUG o.s.c.g.r.RouteDefinitionRouteLocator -   - RouteDefinition matched: customer-service
2026-07-22 01:54:59.687 [DiscoveryClient-CacheRefreshExecutor-%d] DEBUG o.s.c.g.filter.GatewayMetricsFilter -   - New routes count: 4
2026-07-22 02:38:11.728 [DiscoveryClient-HeartbeatExecutor-%d] DEBUG o.s.web.client.RestTemplate -   - HTTP PUT http://localhost:8761/eureka/apps/API-GATEWAY/10.132.124.77:api-gateway:8080?status=UP&lastDirtyTimestamp=1784665497140
2026-07-22 02:38:11.741 [DiscoveryClient-HeartbeatExecutor-%d] DEBUG o.s.web.client.RestTemplate -   - Accept=[application/json, application/yaml, application/*+json]
2026-07-22 02:38:11.750 [DiscoveryClient-HeartbeatExecutor-%d] DEBUG o.s.web.client.RestTemplate -   - Response 404 NOT_FOUND
2026-07-22 02:38:11.750 [DiscoveryClient-HeartbeatExecutor-%d] INFO  c.netflix.discovery.DiscoveryClient -   - DiscoveryClient_API-GATEWAY/10.132.124.77:api-gateway:8080 - Re-registering apps/API-GATEWAY
2026-07-22 02:38:11.751 [DiscoveryClient-HeartbeatExecutor-%d] INFO  c.netflix.discovery.DiscoveryClient -   - DiscoveryClient_API-GATEWAY/10.132.124.77:api-gateway:8080: registering service...
2026-07-22 02:38:11.751 [DiscoveryClient-HeartbeatExecutor-%d] DEBUG o.s.web.client.RestTemplate -   - HTTP POST http://localhost:8761/eureka/apps/API-GATEWAY
2026-07-22 02:38:11.751 [DiscoveryClient-HeartbeatExecutor-%d] DEBUG o.s.web.client.RestTemplate -   - Accept=[application/json, application/yaml, application/*+json]
2026-07-22 02:38:11.753 [DiscoveryClient-HeartbeatExecutor-%d] DEBUG o.s.web.client.RestTemplate -   - Writing [InstanceInfo [instanceId = 10.132.124.77:api-gateway:8080, appName = API-GATEWAY, hostName = 10.132.124.77, status = UP, ipAddr = 10.132.124.77, port = 8080, securePort = 443, dataCenterInfo = com.netflix.appinfo.MyDataCenterInfo@4cf9330f] as "application/json"
2026-07-22 02:38:11.762 [DiscoveryClient-HeartbeatExecutor-%d] DEBUG o.s.web.client.RestTemplate -   - Response 204 NO_CONTENT
2026-07-22 02:38:11.763 [DiscoveryClient-HeartbeatExecutor-%d] INFO  c.netflix.discovery.DiscoveryClient -   - DiscoveryClient_API-GATEWAY/10.132.124.77:api-gateway:8080 - registration status: 204
2026-07-22 02:38:14.236 [DiscoveryClient-CacheRefreshExecutor-%d] INFO  c.netflix.discovery.DiscoveryClient -   - Disable delta property : false
2026-07-22 02:38:14.237 [DiscoveryClient-CacheRefreshExecutor-%d] INFO  c.netflix.discovery.DiscoveryClient -   - Single vip registry refresh property : null
2026-07-22 02:38:14.237 [DiscoveryClient-CacheRefreshExecutor-%d] INFO  c.netflix.discovery.DiscoveryClient -   - Force full registry fetch : false
2026-07-22 02:38:14.237 [DiscoveryClient-CacheRefreshExecutor-%d] INFO  c.netflix.discovery.DiscoveryClient -   - Application is null : false
2026-07-22 02:38:14.237 [DiscoveryClient-CacheRefreshExecutor-%d] INFO  c.netflix.discovery.DiscoveryClient -   - Registered Applications size is zero : true
2026-07-22 02:38:14.237 [DiscoveryClient-CacheRefreshExecutor-%d] INFO  c.netflix.discovery.DiscoveryClient -   - Application version is -1: false
2026-07-22 02:38:14.237 [DiscoveryClient-CacheRefreshExecutor-%d] INFO  c.netflix.discovery.DiscoveryClient -   - Getting all instance registry info from the eureka server
2026-07-22 02:38:14.240 [DiscoveryClient-CacheRefreshExecutor-%d] DEBUG o.s.web.client.RestTemplate -   - HTTP GET http://localhost:8761/eureka/apps/
2026-07-22 02:38:14.247 [DiscoveryClient-CacheRefreshExecutor-%d] DEBUG o.s.web.client.RestTemplate -   - Accept=[application/json, application/yaml, application/*+json]
2026-07-22 02:38:14.251 [DiscoveryClient-CacheRefreshExecutor-%d] DEBUG o.s.web.client.RestTemplate -   - Response 200 OK
2026-07-22 02:38:14.251 [DiscoveryClient-CacheRefreshExecutor-%d] DEBUG o.s.web.client.RestTemplate -   - Reading to [org.springframework.cloud.netflix.eureka.http.EurekaApplications]
2026-07-22 02:38:14.252 [DiscoveryClient-CacheRefreshExecutor-%d] INFO  c.netflix.discovery.DiscoveryClient -   - The response status is 200
2026-07-22 02:38:14.255 [DiscoveryClient-CacheRefreshExecutor-%d] DEBUG o.s.c.g.r.RouteDefinitionRouteLocator -   - RouteDefinition ReactiveCompositeDiscoveryClient_API-GATEWAY applying {pattern=/api-gateway/**} to Path
2026-07-22 02:38:14.258 [DiscoveryClient-CacheRefreshExecutor-%d] DEBUG o.s.c.g.r.RouteDefinitionRouteLocator -   - RouteDefinition ReactiveCompositeDiscoveryClient_API-GATEWAY applying filter {regexp=/api-gateway/?(?<remaining>.*), replacement=/${remaining}} to RewritePath
2026-07-22 02:38:14.259 [DiscoveryClient-CacheRefreshExecutor-%d] DEBUG o.s.c.g.r.RouteDefinitionRouteLocator -   - RouteDefinition matched: ReactiveCompositeDiscoveryClient_API-GATEWAY
2026-07-22 02:38:14.259 [DiscoveryClient-CacheRefreshExecutor-%d] DEBUG o.s.c.g.r.RouteDefinitionRouteLocator -   - RouteDefinition ReactiveCompositeDiscoveryClient_WALLET-SERVICE applying {pattern=/wallet-service/**} to Path
2026-07-22 02:38:14.259 [DiscoveryClient-CacheRefreshExecutor-%d] DEBUG o.s.c.g.r.RouteDefinitionRouteLocator -   - RouteDefinition ReactiveCompositeDiscoveryClient_WALLET-SERVICE applying filter {regexp=/wallet-service/?(?<remaining>.*), replacement=/${remaining}} to RewritePath
2026-07-22 02:38:14.259 [DiscoveryClient-CacheRefreshExecutor-%d] DEBUG o.s.c.g.r.RouteDefinitionRouteLocator -   - RouteDefinition matched: ReactiveCompositeDiscoveryClient_WALLET-SERVICE
2026-07-22 02:38:14.259 [DiscoveryClient-CacheRefreshExecutor-%d] DEBUG o.s.c.g.r.RouteDefinitionRouteLocator -   - RouteDefinition auth-service applying {_genkey_0=/api/auth/**} to Path
2026-07-22 02:38:14.260 [DiscoveryClient-CacheRefreshExecutor-%d] DEBUG o.s.c.g.r.RouteDefinitionRouteLocator -   - RouteDefinition matched: auth-service
2026-07-22 02:38:14.260 [DiscoveryClient-CacheRefreshExecutor-%d] DEBUG o.s.c.g.r.RouteDefinitionRouteLocator -   - RouteDefinition wallet-service applying {_genkey_0=/api/wallets/**} to Path
2026-07-22 02:38:14.260 [DiscoveryClient-CacheRefreshExecutor-%d] DEBUG o.s.c.g.r.RouteDefinitionRouteLocator -   - RouteDefinition wallet-service applying filter {name=walletServiceCB, fallbackuri=forward:/fallback/wallets} to CircuitBreaker
2026-07-22 02:38:14.261 [DiscoveryClient-CacheRefreshExecutor-%d] DEBUG o.s.c.g.r.RouteDefinitionRouteLocator -   - RouteDefinition matched: wallet-service
2026-07-22 02:38:14.261 [DiscoveryClient-CacheRefreshExecutor-%d] DEBUG o.s.c.g.r.RouteDefinitionRouteLocator -   - RouteDefinition account-service applying {_genkey_0=/api/accounts/**} to Path
2026-07-22 02:38:14.261 [DiscoveryClient-CacheRefreshExecutor-%d] DEBUG o.s.c.g.r.RouteDefinitionRouteLocator -   - RouteDefinition account-service applying filter {name=accountServiceCB, fallbackuri=forward:/fallback/accounts} to CircuitBreaker
2026-07-22 02:38:14.261 [DiscoveryClient-CacheRefreshExecutor-%d] DEBUG o.s.c.g.r.RouteDefinitionRouteLocator -   - RouteDefinition matched: account-service
2026-07-22 02:38:14.261 [DiscoveryClient-CacheRefreshExecutor-%d] DEBUG o.s.c.g.r.RouteDefinitionRouteLocator -   - RouteDefinition customer-service applying {_genkey_0=/api/customers/**} to Path
2026-07-22 02:38:14.262 [DiscoveryClient-CacheRefreshExecutor-%d] DEBUG o.s.c.g.r.RouteDefinitionRouteLocator -   - RouteDefinition customer-service applying filter {name=customerServiceCB, fallbackuri=forward:/fallback/customers} to CircuitBreaker
2026-07-22 02:38:14.262 [DiscoveryClient-CacheRefreshExecutor-%d] DEBUG o.s.c.g.r.RouteDefinitionRouteLocator -   - RouteDefinition matched: customer-service
2026-07-22 02:38:14.263 [DiscoveryClient-CacheRefreshExecutor-%d] DEBUG o.s.c.g.filter.GatewayMetricsFilter -   - New routes count: 6
2026-07-22 02:55:18.430 [DiscoveryClient-HeartbeatExecutor-%d] DEBUG o.s.web.client.RestTemplate -   - HTTP PUT http://localhost:8761/eureka/apps/API-GATEWAY/10.132.124.77:api-gateway:8080?status=UP&lastDirtyTimestamp=1784668091750
2026-07-22 02:55:18.432 [DiscoveryClient-HeartbeatExecutor-%d] DEBUG o.s.web.client.RestTemplate -   - Accept=[application/json, application/yaml, application/*+json]
2026-07-22 02:55:18.433 [DiscoveryClient-HeartbeatExecutor-%d] DEBUG o.s.web.client.RestTemplate -   - Response 200 OK
2026-07-22 02:55:20.931 [DiscoveryClient-CacheRefreshExecutor-%d] DEBUG o.s.web.client.RestTemplate -   - HTTP GET http://localhost:8761/eureka/apps/delta
2026-07-22 02:55:20.931 [DiscoveryClient-CacheRefreshExecutor-%d] DEBUG o.s.web.client.RestTemplate -   - Accept=[application/json, application/yaml, application/*+json]
2026-07-22 02:55:20.933 [DiscoveryClient-CacheRefreshExecutor-%d] DEBUG o.s.web.client.RestTemplate -   - Response 200 OK
2026-07-22 02:55:20.933 [DiscoveryClient-CacheRefreshExecutor-%d] DEBUG o.s.web.client.RestTemplate -   - Reading to [org.springframework.cloud.netflix.eureka.http.EurekaApplications]
2026-07-22 02:55:20.933 [DiscoveryClient-CacheRefreshExecutor-%d] DEBUG o.s.c.g.r.RouteDefinitionRouteLocator -   - RouteDefinition ReactiveCompositeDiscoveryClient_API-GATEWAY applying {pattern=/api-gateway/**} to Path
2026-07-22 02:55:20.934 [DiscoveryClient-CacheRefreshExecutor-%d] DEBUG o.s.c.g.r.RouteDefinitionRouteLocator -   - RouteDefinition ReactiveCompositeDiscoveryClient_API-GATEWAY applying filter {regexp=/api-gateway/?(?<remaining>.*), replacement=/${remaining}} to RewritePath
2026-07-22 02:55:20.934 [DiscoveryClient-CacheRefreshExecutor-%d] DEBUG o.s.c.g.r.RouteDefinitionRouteLocator -   - RouteDefinition matched: ReactiveCompositeDiscoveryClient_API-GATEWAY
2026-07-22 02:55:20.934 [DiscoveryClient-CacheRefreshExecutor-%d] DEBUG o.s.c.g.r.RouteDefinitionRouteLocator -   - RouteDefinition ReactiveCompositeDiscoveryClient_CUSTOMER-SERVICE applying {pattern=/customer-service/**} to Path
2026-07-22 02:55:20.934 [DiscoveryClient-CacheRefreshExecutor-%d] DEBUG o.s.c.g.r.RouteDefinitionRouteLocator -   - RouteDefinition ReactiveCompositeDiscoveryClient_CUSTOMER-SERVICE applying filter {regexp=/customer-service/?(?<remaining>.*), replacement=/${remaining}} to RewritePath
2026-07-22 02:55:20.934 [DiscoveryClient-CacheRefreshExecutor-%d] DEBUG o.s.c.g.r.RouteDefinitionRouteLocator -   - RouteDefinition matched: ReactiveCompositeDiscoveryClient_CUSTOMER-SERVICE
2026-07-22 02:55:20.934 [DiscoveryClient-CacheRefreshExecutor-%d] DEBUG o.s.c.g.r.RouteDefinitionRouteLocator -   - RouteDefinition ReactiveCompositeDiscoveryClient_ACCOUNT-SERVICE applying {pattern=/account-service/**} to Path
2026-07-22 02:55:20.934 [DiscoveryClient-CacheRefreshExecutor-%d] DEBUG o.s.c.g.r.RouteDefinitionRouteLocator -   - RouteDefinition ReactiveCompositeDiscoveryClient_ACCOUNT-SERVICE applying filter {regexp=/account-service/?(?<remaining>.*), replacement=/${remaining}} to RewritePath
2026-07-22 02:55:20.935 [DiscoveryClient-CacheRefreshExecutor-%d] DEBUG o.s.c.g.r.RouteDefinitionRouteLocator -   - RouteDefinition matched: ReactiveCompositeDiscoveryClient_ACCOUNT-SERVICE
2026-07-22 02:55:20.935 [DiscoveryClient-CacheRefreshExecutor-%d] DEBUG o.s.c.g.r.RouteDefinitionRouteLocator -   - RouteDefinition ReactiveCompositeDiscoveryClient_AUTH-SERVICE applying {pattern=/auth-service/**} to Path
2026-07-22 02:55:20.935 [DiscoveryClient-CacheRefreshExecutor-%d] DEBUG o.s.c.g.r.RouteDefinitionRouteLocator -   - RouteDefinition ReactiveCompositeDiscoveryClient_AUTH-SERVICE applying filter {regexp=/auth-service/?(?<remaining>.*), replacement=/${remaining}} to RewritePath
2026-07-22 02:55:20.935 [DiscoveryClient-CacheRefreshExecutor-%d] DEBUG o.s.c.g.r.RouteDefinitionRouteLocator -   - RouteDefinition matched: ReactiveCompositeDiscoveryClient_AUTH-SERVICE
2026-07-22 02:55:20.935 [DiscoveryClient-CacheRefreshExecutor-%d] DEBUG o.s.c.g.r.RouteDefinitionRouteLocator -   - RouteDefinition ReactiveCompositeDiscoveryClient_CONFIG-SERVER applying {pattern=/config-server/**} to Path
2026-07-22 02:55:20.935 [DiscoveryClient-CacheRefreshExecutor-%d] DEBUG o.s.c.g.r.RouteDefinitionRouteLocator -   - RouteDefinition ReactiveCompositeDiscoveryClient_CONFIG-SERVER applying filter {regexp=/config-server/?(?<remaining>.*), replacement=/${remaining}} to RewritePath
2026-07-22 02:55:20.935 [DiscoveryClient-CacheRefreshExecutor-%d] DEBUG o.s.c.g.r.RouteDefinitionRouteLocator -   - RouteDefinition matched: ReactiveCompositeDiscoveryClient_CONFIG-SERVER
2026-07-22 02:55:20.935 [DiscoveryClient-CacheRefreshExecutor-%d] DEBUG o.s.c.g.r.RouteDefinitionRouteLocator -   - RouteDefinition ReactiveCompositeDiscoveryClient_WALLET-SERVICE applying {pattern=/wallet-service/**} to Path
2026-07-22 02:55:20.935 [DiscoveryClient-CacheRefreshExecutor-%d] DEBUG o.s.c.g.r.RouteDefinitionRouteLocator -   - RouteDefinition ReactiveCompositeDiscoveryClient_WALLET-SERVICE applying filter {regexp=/wallet-service/?(?<remaining>.*), replacement=/${remaining}} to RewritePath
2026-07-22 02:55:20.935 [DiscoveryClient-CacheRefreshExecutor-%d] DEBUG o.s.c.g.r.RouteDefinitionRouteLocator -   - RouteDefinition matched: ReactiveCompositeDiscoveryClient_WALLET-SERVICE
2026-07-22 02:55:20.935 [DiscoveryClient-CacheRefreshExecutor-%d] DEBUG o.s.c.g.r.RouteDefinitionRouteLocator -   - RouteDefinition auth-service applying {_genkey_0=/api/auth/**} to Path
2026-07-22 02:55:20.936 [DiscoveryClient-CacheRefreshExecutor-%d] DEBUG o.s.c.g.r.RouteDefinitionRouteLocator -   - RouteDefinition matched: auth-service
2026-07-22 02:55:20.936 [DiscoveryClient-CacheRefreshExecutor-%d] DEBUG o.s.c.g.r.RouteDefinitionRouteLocator -   - RouteDefinition wallet-service applying {_genkey_0=/api/wallets/**} to Path
2026-07-22 02:55:20.936 [DiscoveryClient-CacheRefreshExecutor-%d] DEBUG o.s.c.g.r.RouteDefinitionRouteLocator -   - RouteDefinition wallet-service applying filter {name=walletServiceCB, fallbackuri=forward:/fallback/wallets} to CircuitBreaker
2026-07-22 02:55:20.936 [DiscoveryClient-CacheRefreshExecutor-%d] DEBUG o.s.c.g.r.RouteDefinitionRouteLocator -   - RouteDefinition matched: wallet-service
2026-07-22 02:55:20.936 [DiscoveryClient-CacheRefreshExecutor-%d] DEBUG o.s.c.g.r.RouteDefinitionRouteLocator -   - RouteDefinition account-service applying {_genkey_0=/api/accounts/**} to Path
2026-07-22 02:55:20.936 [DiscoveryClient-CacheRefreshExecutor-%d] DEBUG o.s.c.g.r.RouteDefinitionRouteLocator -   - RouteDefinition account-service applying filter {name=accountServiceCB, fallbackuri=forward:/fallback/accounts} to CircuitBreaker
2026-07-22 02:55:20.936 [DiscoveryClient-CacheRefreshExecutor-%d] DEBUG o.s.c.g.r.RouteDefinitionRouteLocator -   - RouteDefinition matched: account-service
2026-07-22 02:55:20.936 [DiscoveryClient-CacheRefreshExecutor-%d] DEBUG o.s.c.g.r.RouteDefinitionRouteLocator -   - RouteDefinition customer-service applying {_genkey_0=/api/customers/**} to Path
2026-07-22 02:55:20.936 [DiscoveryClient-CacheRefreshExecutor-%d] DEBUG o.s.c.g.r.RouteDefinitionRouteLocator -   - RouteDefinition customer-service applying filter {name=customerServiceCB, fallbackuri=forward:/fallback/customers} to CircuitBreaker
2026-07-22 02:55:20.936 [DiscoveryClient-CacheRefreshExecutor-%d] DEBUG o.s.c.g.r.RouteDefinitionRouteLocator -   - RouteDefinition matched: customer-service
2026-07-22 02:55:20.937 [DiscoveryClient-CacheRefreshExecutor-%d] DEBUG o.s.c.g.filter.GatewayMetricsFilter -   - New routes count: 10
2026-07-22 03:11:30.104 [AsyncResolver-bootstrap-executor-%d] INFO  c.n.d.s.r.aws.ConfigClusterResolver -   - Resolving eureka endpoints via configuration
2026-07-22 03:29:32.939 [DiscoveryClient-HeartbeatExecutor-%d] DEBUG o.s.web.client.RestTemplate -   - HTTP PUT http://localhost:8761/eureka/apps/API-GATEWAY/10.132.124.77:api-gateway:8080?status=UP&lastDirtyTimestamp=1784668091750
2026-07-22 03:29:32.943 [DiscoveryClient-HeartbeatExecutor-%d] DEBUG o.s.web.client.RestTemplate -   - Accept=[application/json, application/yaml, application/*+json]
2026-07-22 03:29:32.946 [DiscoveryClient-HeartbeatExecutor-%d] DEBUG o.s.web.client.RestTemplate -   - Response 404 NOT_FOUND
2026-07-22 03:29:32.947 [DiscoveryClient-HeartbeatExecutor-%d] INFO  c.netflix.discovery.DiscoveryClient -   - DiscoveryClient_API-GATEWAY/10.132.124.77:api-gateway:8080 - Re-registering apps/API-GATEWAY
2026-07-22 03:29:32.947 [DiscoveryClient-HeartbeatExecutor-%d] INFO  c.netflix.discovery.DiscoveryClient -   - DiscoveryClient_API-GATEWAY/10.132.124.77:api-gateway:8080: registering service...
2026-07-22 03:29:32.947 [DiscoveryClient-HeartbeatExecutor-%d] DEBUG o.s.web.client.RestTemplate -   - HTTP POST http://localhost:8761/eureka/apps/API-GATEWAY
2026-07-22 03:29:32.947 [DiscoveryClient-HeartbeatExecutor-%d] DEBUG o.s.web.client.RestTemplate -   - Accept=[application/json, application/yaml, application/*+json]
2026-07-22 03:29:32.948 [DiscoveryClient-HeartbeatExecutor-%d] DEBUG o.s.web.client.RestTemplate -   - Writing [InstanceInfo [instanceId = 10.132.124.77:api-gateway:8080, appName = API-GATEWAY, hostName = 10.132.124.77, status = UP, ipAddr = 10.132.124.77, port = 8080, securePort = 443, dataCenterInfo = com.netflix.appinfo.MyDataCenterInfo@4cf9330f] as "application/json"
2026-07-22 03:29:32.949 [DiscoveryClient-HeartbeatExecutor-%d] DEBUG o.s.web.client.RestTemplate -   - Response 204 NO_CONTENT
2026-07-22 03:29:32.950 [DiscoveryClient-HeartbeatExecutor-%d] INFO  c.netflix.discovery.DiscoveryClient -   - DiscoveryClient_API-GATEWAY/10.132.124.77:api-gateway:8080 - registration status: 204
2026-07-22 03:47:12.157 [DiscoveryClient-CacheRefreshExecutor-%d] DEBUG o.s.web.client.RestTemplate -   - HTTP GET http://localhost:8761/eureka/apps/delta
2026-07-22 03:47:12.172 [DiscoveryClient-CacheRefreshExecutor-%d] DEBUG o.s.web.client.RestTemplate -   - Accept=[application/json, application/yaml, application/*+json]
2026-07-22 03:47:12.173 [DiscoveryClient-CacheRefreshExecutor-%d] DEBUG o.s.web.client.RestTemplate -   - Response 200 OK
2026-07-22 03:47:12.173 [DiscoveryClient-CacheRefreshExecutor-%d] DEBUG o.s.web.client.RestTemplate -   - Reading to [org.springframework.cloud.netflix.eureka.http.EurekaApplications]
2026-07-22 03:47:12.175 [DiscoveryClient-CacheRefreshExecutor-%d] DEBUG o.s.c.g.r.RouteDefinitionRouteLocator -   - RouteDefinition ReactiveCompositeDiscoveryClient_API-GATEWAY applying {pattern=/api-gateway/**} to Path
2026-07-22 03:47:12.176 [DiscoveryClient-CacheRefreshExecutor-%d] DEBUG o.s.c.g.r.RouteDefinitionRouteLocator -   - RouteDefinition ReactiveCompositeDiscoveryClient_API-GATEWAY applying filter {regexp=/api-gateway/?(?<remaining>.*), replacement=/${remaining}} to RewritePath
2026-07-22 03:47:12.176 [DiscoveryClient-CacheRefreshExecutor-%d] DEBUG o.s.c.g.r.RouteDefinitionRouteLocator -   - RouteDefinition matched: ReactiveCompositeDiscoveryClient_API-GATEWAY
2026-07-22 03:47:12.176 [DiscoveryClient-CacheRefreshExecutor-%d] DEBUG o.s.c.g.r.RouteDefinitionRouteLocator -   - RouteDefinition ReactiveCompositeDiscoveryClient_ACCOUNT-SERVICE applying {pattern=/account-service/**} to Path
2026-07-22 03:47:12.177 [DiscoveryClient-CacheRefreshExecutor-%d] DEBUG o.s.c.g.r.RouteDefinitionRouteLocator -   - RouteDefinition ReactiveCompositeDiscoveryClient_ACCOUNT-SERVICE applying filter {regexp=/account-service/?(?<remaining>.*), replacement=/${remaining}} to RewritePath
2026-07-22 03:47:12.177 [DiscoveryClient-CacheRefreshExecutor-%d] DEBUG o.s.c.g.r.RouteDefinitionRouteLocator -   - RouteDefinition matched: ReactiveCompositeDiscoveryClient_ACCOUNT-SERVICE
2026-07-22 03:47:12.177 [DiscoveryClient-CacheRefreshExecutor-%d] DEBUG o.s.c.g.r.RouteDefinitionRouteLocator -   - RouteDefinition ReactiveCompositeDiscoveryClient_WALLET-SERVICE applying {pattern=/wallet-service/**} to Path
2026-07-22 03:47:12.177 [DiscoveryClient-CacheRefreshExecutor-%d] DEBUG o.s.c.g.r.RouteDefinitionRouteLocator -   - RouteDefinition ReactiveCompositeDiscoveryClient_WALLET-SERVICE applying filter {regexp=/wallet-service/?(?<remaining>.*), replacement=/${remaining}} to RewritePath
2026-07-22 03:47:12.177 [DiscoveryClient-CacheRefreshExecutor-%d] DEBUG o.s.c.g.r.RouteDefinitionRouteLocator -   - RouteDefinition matched: ReactiveCompositeDiscoveryClient_WALLET-SERVICE
2026-07-22 03:47:12.177 [DiscoveryClient-CacheRefreshExecutor-%d] DEBUG o.s.c.g.r.RouteDefinitionRouteLocator -   - RouteDefinition auth-service applying {_genkey_0=/api/auth/**} to Path
2026-07-22 03:47:12.177 [DiscoveryClient-CacheRefreshExecutor-%d] DEBUG o.s.c.g.r.RouteDefinitionRouteLocator -   - RouteDefinition matched: auth-service
2026-07-22 03:47:12.177 [DiscoveryClient-CacheRefreshExecutor-%d] DEBUG o.s.c.g.r.RouteDefinitionRouteLocator -   - RouteDefinition wallet-service applying {_genkey_0=/api/wallets/**} to Path
2026-07-22 03:47:12.177 [DiscoveryClient-CacheRefreshExecutor-%d] DEBUG o.s.c.g.r.RouteDefinitionRouteLocator -   - RouteDefinition wallet-service applying filter {name=walletServiceCB, fallbackuri=forward:/fallback/wallets} to CircuitBreaker
2026-07-22 03:47:12.177 [DiscoveryClient-CacheRefreshExecutor-%d] DEBUG o.s.c.g.r.RouteDefinitionRouteLocator -   - RouteDefinition matched: wallet-service
2026-07-22 03:47:12.178 [DiscoveryClient-CacheRefreshExecutor-%d] DEBUG o.s.c.g.r.RouteDefinitionRouteLocator -   - RouteDefinition account-service applying {_genkey_0=/api/accounts/**} to Path
2026-07-22 03:47:12.178 [DiscoveryClient-CacheRefreshExecutor-%d] DEBUG o.s.c.g.r.RouteDefinitionRouteLocator -   - RouteDefinition account-service applying filter {name=accountServiceCB, fallbackuri=forward:/fallback/accounts} to CircuitBreaker
2026-07-22 03:47:12.178 [DiscoveryClient-CacheRefreshExecutor-%d] DEBUG o.s.c.g.r.RouteDefinitionRouteLocator -   - RouteDefinition matched: account-service
2026-07-22 03:47:12.178 [DiscoveryClient-CacheRefreshExecutor-%d] DEBUG o.s.c.g.r.RouteDefinitionRouteLocator -   - RouteDefinition customer-service applying {_genkey_0=/api/customers/**} to Path
2026-07-22 03:47:12.178 [DiscoveryClient-CacheRefreshExecutor-%d] DEBUG o.s.c.g.r.RouteDefinitionRouteLocator -   - RouteDefinition customer-service applying filter {name=customerServiceCB, fallbackuri=forward:/fallback/customers} to CircuitBreaker
2026-07-22 03:47:12.178 [DiscoveryClient-CacheRefreshExecutor-%d] DEBUG o.s.c.g.r.RouteDefinitionRouteLocator -   - RouteDefinition matched: customer-service
2026-07-22 03:47:12.178 [DiscoveryClient-CacheRefreshExecutor-%d] DEBUG o.s.c.g.filter.GatewayMetricsFilter -   - New routes count: 7
2026-07-22 04:05:23.788 [DiscoveryClient-HeartbeatExecutor-%d] DEBUG o.s.web.client.RestTemplate -   - HTTP PUT http://localhost:8761/eureka/apps/API-GATEWAY/10.132.124.77:api-gateway:8080?status=UP&lastDirtyTimestamp=1784671172947
2026-07-22 04:05:23.793 [DiscoveryClient-HeartbeatExecutor-%d] DEBUG o.s.web.client.RestTemplate -   - Accept=[application/json, application/yaml, application/*+json]
2026-07-22 04:05:23.797 [DiscoveryClient-HeartbeatExecutor-%d] DEBUG o.s.web.client.RestTemplate -   - Response 404 NOT_FOUND
2026-07-22 04:05:23.797 [DiscoveryClient-HeartbeatExecutor-%d] INFO  c.netflix.discovery.DiscoveryClient -   - DiscoveryClient_API-GATEWAY/10.132.124.77:api-gateway:8080 - Re-registering apps/API-GATEWAY
2026-07-22 04:05:23.797 [DiscoveryClient-HeartbeatExecutor-%d] INFO  c.netflix.discovery.DiscoveryClient -   - DiscoveryClient_API-GATEWAY/10.132.124.77:api-gateway:8080: registering service...
2026-07-22 04:05:23.797 [DiscoveryClient-HeartbeatExecutor-%d] DEBUG o.s.web.client.RestTemplate -   - HTTP POST http://localhost:8761/eureka/apps/API-GATEWAY
2026-07-22 04:05:23.797 [DiscoveryClient-HeartbeatExecutor-%d] DEBUG o.s.web.client.RestTemplate -   - Accept=[application/json, application/yaml, application/*+json]
2026-07-22 04:05:23.798 [DiscoveryClient-HeartbeatExecutor-%d] DEBUG o.s.web.client.RestTemplate -   - Writing [InstanceInfo [instanceId = 10.132.124.77:api-gateway:8080, appName = API-GATEWAY, hostName = 10.132.124.77, status = UP, ipAddr = 10.132.124.77, port = 8080, securePort = 443, dataCenterInfo = com.netflix.appinfo.MyDataCenterInfo@4cf9330f] as "application/json"
2026-07-22 04:05:23.800 [DiscoveryClient-HeartbeatExecutor-%d] DEBUG o.s.web.client.RestTemplate -   - Response 204 NO_CONTENT
2026-07-22 04:05:23.800 [DiscoveryClient-HeartbeatExecutor-%d] INFO  c.netflix.discovery.DiscoveryClient -   - DiscoveryClient_API-GATEWAY/10.132.124.77:api-gateway:8080 - registration status: 204
2026-07-22 04:22:01.992 [DiscoveryClient-CacheRefreshExecutor-%d] DEBUG o.s.web.client.RestTemplate -   - HTTP GET http://localhost:8761/eureka/apps/delta
2026-07-22 04:22:01.996 [DiscoveryClient-CacheRefreshExecutor-%d] DEBUG o.s.web.client.RestTemplate -   - Accept=[application/json, application/yaml, application/*+json]
2026-07-22 04:22:01.998 [DiscoveryClient-CacheRefreshExecutor-%d] DEBUG o.s.web.client.RestTemplate -   - Response 200 OK
2026-07-22 04:22:01.998 [DiscoveryClient-CacheRefreshExecutor-%d] DEBUG o.s.web.client.RestTemplate -   - Reading to [org.springframework.cloud.netflix.eureka.http.EurekaApplications]
2026-07-22 04:22:02.001 [DiscoveryClient-CacheRefreshExecutor-%d] DEBUG o.s.c.g.r.RouteDefinitionRouteLocator -   - RouteDefinition ReactiveCompositeDiscoveryClient_CUSTOMER-SERVICE applying {pattern=/customer-service/**} to Path
2026-07-22 04:22:02.004 [DiscoveryClient-CacheRefreshExecutor-%d] DEBUG o.s.c.g.r.RouteDefinitionRouteLocator -   - RouteDefinition ReactiveCompositeDiscoveryClient_CUSTOMER-SERVICE applying filter {regexp=/customer-service/?(?<remaining>.*), replacement=/${remaining}} to RewritePath
2026-07-22 04:22:02.004 [DiscoveryClient-CacheRefreshExecutor-%d] DEBUG o.s.c.g.r.RouteDefinitionRouteLocator -   - RouteDefinition matched: ReactiveCompositeDiscoveryClient_CUSTOMER-SERVICE
2026-07-22 04:22:02.005 [DiscoveryClient-CacheRefreshExecutor-%d] DEBUG o.s.c.g.r.RouteDefinitionRouteLocator -   - RouteDefinition ReactiveCompositeDiscoveryClient_ACCOUNT-SERVICE applying {pattern=/account-service/**} to Path
2026-07-22 04:22:02.006 [DiscoveryClient-CacheRefreshExecutor-%d] DEBUG o.s.c.g.r.RouteDefinitionRouteLocator -   - RouteDefinition ReactiveCompositeDiscoveryClient_ACCOUNT-SERVICE applying filter {regexp=/account-service/?(?<remaining>.*), replacement=/${remaining}} to RewritePath
2026-07-22 04:22:02.006 [DiscoveryClient-CacheRefreshExecutor-%d] DEBUG o.s.c.g.r.RouteDefinitionRouteLocator -   - RouteDefinition matched: ReactiveCompositeDiscoveryClient_ACCOUNT-SERVICE
2026-07-22 04:22:02.006 [DiscoveryClient-CacheRefreshExecutor-%d] DEBUG o.s.c.g.r.RouteDefinitionRouteLocator -   - RouteDefinition ReactiveCompositeDiscoveryClient_WALLET-SERVICE applying {pattern=/wallet-service/**} to Path
2026-07-22 04:22:02.006 [DiscoveryClient-CacheRefreshExecutor-%d] DEBUG o.s.c.g.r.RouteDefinitionRouteLocator -   - RouteDefinition ReactiveCompositeDiscoveryClient_WALLET-SERVICE applying filter {regexp=/wallet-service/?(?<remaining>.*), replacement=/${remaining}} to RewritePath
2026-07-22 04:22:02.006 [DiscoveryClient-CacheRefreshExecutor-%d] DEBUG o.s.c.g.r.RouteDefinitionRouteLocator -   - RouteDefinition matched: ReactiveCompositeDiscoveryClient_WALLET-SERVICE
2026-07-22 04:22:02.006 [DiscoveryClient-CacheRefreshExecutor-%d] DEBUG o.s.c.g.r.RouteDefinitionRouteLocator -   - RouteDefinition auth-service applying {_genkey_0=/api/auth/**} to Path
2026-07-22 04:22:02.006 [DiscoveryClient-CacheRefreshExecutor-%d] DEBUG o.s.c.g.r.RouteDefinitionRouteLocator -   - RouteDefinition matched: auth-service
2026-07-22 04:22:02.007 [DiscoveryClient-CacheRefreshExecutor-%d] DEBUG o.s.c.g.r.RouteDefinitionRouteLocator -   - RouteDefinition wallet-service applying {_genkey_0=/api/wallets/**} to Path
2026-07-22 04:22:02.007 [DiscoveryClient-CacheRefreshExecutor-%d] DEBUG o.s.c.g.r.RouteDefinitionRouteLocator -   - RouteDefinition wallet-service applying filter {name=walletServiceCB, fallbackuri=forward:/fallback/wallets} to CircuitBreaker
2026-07-22 04:22:02.007 [DiscoveryClient-CacheRefreshExecutor-%d] DEBUG o.s.c.g.r.RouteDefinitionRouteLocator -   - RouteDefinition matched: wallet-service
2026-07-22 04:22:02.007 [DiscoveryClient-CacheRefreshExecutor-%d] DEBUG o.s.c.g.r.RouteDefinitionRouteLocator -   - RouteDefinition account-service applying {_genkey_0=/api/accounts/**} to Path
2026-07-22 04:22:02.007 [DiscoveryClient-CacheRefreshExecutor-%d] DEBUG o.s.c.g.r.RouteDefinitionRouteLocator -   - RouteDefinition account-service applying filter {name=accountServiceCB, fallbackuri=forward:/fallback/accounts} to CircuitBreaker
2026-07-22 04:22:02.007 [DiscoveryClient-CacheRefreshExecutor-%d] DEBUG o.s.c.g.r.RouteDefinitionRouteLocator -   - RouteDefinition matched: account-service
2026-07-22 04:22:02.007 [DiscoveryClient-CacheRefreshExecutor-%d] DEBUG o.s.c.g.r.RouteDefinitionRouteLocator -   - RouteDefinition customer-service applying {_genkey_0=/api/customers/**} to Path
2026-07-22 04:22:02.007 [DiscoveryClient-CacheRefreshExecutor-%d] DEBUG o.s.c.g.r.RouteDefinitionRouteLocator -   - RouteDefinition customer-service applying filter {name=customerServiceCB, fallbackuri=forward:/fallback/customers} to CircuitBreaker
2026-07-22 04:22:02.008 [DiscoveryClient-CacheRefreshExecutor-%d] DEBUG o.s.c.g.r.RouteDefinitionRouteLocator -   - RouteDefinition matched: customer-service
2026-07-22 04:22:02.008 [DiscoveryClient-CacheRefreshExecutor-%d] DEBUG o.s.c.g.filter.GatewayMetricsFilter -   - New routes count: 7
2026-07-22 04:42:26.498 [DiscoveryClient-HeartbeatExecutor-%d] DEBUG o.s.web.client.RestTemplate -   - HTTP PUT http://localhost:8761/eureka/apps/API-GATEWAY/10.132.124.77:api-gateway:8080?status=UP&lastDirtyTimestamp=1784673323797
2026-07-22 04:42:26.502 [DiscoveryClient-HeartbeatExecutor-%d] DEBUG o.s.web.client.RestTemplate -   - Accept=[application/json, application/yaml, application/*+json]
2026-07-22 04:42:26.505 [DiscoveryClient-HeartbeatExecutor-%d] DEBUG o.s.web.client.RestTemplate -   - Response 404 NOT_FOUND
2026-07-22 04:42:26.505 [DiscoveryClient-HeartbeatExecutor-%d] INFO  c.netflix.discovery.DiscoveryClient -   - DiscoveryClient_API-GATEWAY/10.132.124.77:api-gateway:8080 - Re-registering apps/API-GATEWAY
2026-07-22 04:42:26.505 [DiscoveryClient-HeartbeatExecutor-%d] INFO  c.netflix.discovery.DiscoveryClient -   - DiscoveryClient_API-GATEWAY/10.132.124.77:api-gateway:8080: registering service...
2026-07-22 04:42:26.505 [DiscoveryClient-HeartbeatExecutor-%d] DEBUG o.s.web.client.RestTemplate -   - HTTP POST http://localhost:8761/eureka/apps/API-GATEWAY
2026-07-22 04:42:26.505 [DiscoveryClient-HeartbeatExecutor-%d] DEBUG o.s.web.client.RestTemplate -   - Accept=[application/json, application/yaml, application/*+json]
2026-07-22 04:42:26.506 [DiscoveryClient-HeartbeatExecutor-%d] DEBUG o.s.web.client.RestTemplate -   - Writing [InstanceInfo [instanceId = 10.132.124.77:api-gateway:8080, appName = API-GATEWAY, hostName = 10.132.124.77, status = UP, ipAddr = 10.132.124.77, port = 8080, securePort = 443, dataCenterInfo = com.netflix.appinfo.MyDataCenterInfo@4cf9330f] as "application/json"
2026-07-22 04:42:26.509 [DiscoveryClient-HeartbeatExecutor-%d] DEBUG o.s.web.client.RestTemplate -   - Response 204 NO_CONTENT
2026-07-22 04:42:26.509 [DiscoveryClient-HeartbeatExecutor-%d] INFO  c.netflix.discovery.DiscoveryClient -   - DiscoveryClient_API-GATEWAY/10.132.124.77:api-gateway:8080 - registration status: 204
2026-07-22 04:42:28.993 [DiscoveryClient-CacheRefreshExecutor-%d] DEBUG o.s.web.client.RestTemplate -   - HTTP GET http://localhost:8761/eureka/apps/delta
2026-07-22 04:42:28.998 [DiscoveryClient-CacheRefreshExecutor-%d] DEBUG o.s.web.client.RestTemplate -   - Accept=[application/json, application/yaml, application/*+json]
2026-07-22 04:42:29.000 [DiscoveryClient-CacheRefreshExecutor-%d] DEBUG o.s.web.client.RestTemplate -   - Response 200 OK
2026-07-22 04:42:29.000 [DiscoveryClient-CacheRefreshExecutor-%d] DEBUG o.s.web.client.RestTemplate -   - Reading to [org.springframework.cloud.netflix.eureka.http.EurekaApplications]
2026-07-22 04:42:29.002 [DiscoveryClient-CacheRefreshExecutor-%d] DEBUG o.s.c.g.r.RouteDefinitionRouteLocator -   - RouteDefinition ReactiveCompositeDiscoveryClient_CONFIG-SERVER applying {pattern=/config-server/**} to Path
2026-07-22 04:42:29.003 [DiscoveryClient-CacheRefreshExecutor-%d] DEBUG o.s.c.g.r.RouteDefinitionRouteLocator -   - RouteDefinition ReactiveCompositeDiscoveryClient_CONFIG-SERVER applying filter {regexp=/config-server/?(?<remaining>.*), replacement=/${remaining}} to RewritePath
2026-07-22 04:42:29.003 [DiscoveryClient-CacheRefreshExecutor-%d] DEBUG o.s.c.g.r.RouteDefinitionRouteLocator -   - RouteDefinition matched: ReactiveCompositeDiscoveryClient_CONFIG-SERVER
2026-07-22 04:42:29.003 [DiscoveryClient-CacheRefreshExecutor-%d] DEBUG o.s.c.g.r.RouteDefinitionRouteLocator -   - RouteDefinition ReactiveCompositeDiscoveryClient_WALLET-SERVICE applying {pattern=/wallet-service/**} to Path
2026-07-22 04:42:29.004 [DiscoveryClient-CacheRefreshExecutor-%d] DEBUG o.s.c.g.r.RouteDefinitionRouteLocator -   - RouteDefinition ReactiveCompositeDiscoveryClient_WALLET-SERVICE applying filter {regexp=/wallet-service/?(?<remaining>.*), replacement=/${remaining}} to RewritePath
2026-07-22 04:42:29.004 [DiscoveryClient-CacheRefreshExecutor-%d] DEBUG o.s.c.g.r.RouteDefinitionRouteLocator -   - RouteDefinition matched: ReactiveCompositeDiscoveryClient_WALLET-SERVICE
2026-07-22 04:42:29.004 [DiscoveryClient-CacheRefreshExecutor-%d] DEBUG o.s.c.g.r.RouteDefinitionRouteLocator -   - RouteDefinition auth-service applying {_genkey_0=/api/auth/**} to Path
2026-07-22 04:42:29.004 [DiscoveryClient-CacheRefreshExecutor-%d] DEBUG o.s.c.g.r.RouteDefinitionRouteLocator -   - RouteDefinition matched: auth-service
2026-07-22 04:42:29.004 [DiscoveryClient-CacheRefreshExecutor-%d] DEBUG o.s.c.g.r.RouteDefinitionRouteLocator -   - RouteDefinition wallet-service applying {_genkey_0=/api/wallets/**} to Path
2026-07-22 04:42:29.004 [DiscoveryClient-CacheRefreshExecutor-%d] DEBUG o.s.c.g.r.RouteDefinitionRouteLocator -   - RouteDefinition wallet-service applying filter {name=walletServiceCB, fallbackuri=forward:/fallback/wallets} to CircuitBreaker
2026-07-22 04:42:29.004 [DiscoveryClient-CacheRefreshExecutor-%d] DEBUG o.s.c.g.r.RouteDefinitionRouteLocator -   - RouteDefinition matched: wallet-service
2026-07-22 04:42:29.004 [DiscoveryClient-CacheRefreshExecutor-%d] DEBUG o.s.c.g.r.RouteDefinitionRouteLocator -   - RouteDefinition account-service applying {_genkey_0=/api/accounts/**} to Path
2026-07-22 04:42:29.005 [DiscoveryClient-CacheRefreshExecutor-%d] DEBUG o.s.c.g.r.RouteDefinitionRouteLocator -   - RouteDefinition account-service applying filter {name=accountServiceCB, fallbackuri=forward:/fallback/accounts} to CircuitBreaker
2026-07-22 04:42:29.005 [DiscoveryClient-CacheRefreshExecutor-%d] DEBUG o.s.c.g.r.RouteDefinitionRouteLocator -   - RouteDefinition matched: account-service
2026-07-22 04:42:29.005 [DiscoveryClient-CacheRefreshExecutor-%d] DEBUG o.s.c.g.r.RouteDefinitionRouteLocator -   - RouteDefinition customer-service applying {_genkey_0=/api/customers/**} to Path
2026-07-22 04:42:29.005 [DiscoveryClient-CacheRefreshExecutor-%d] DEBUG o.s.c.g.r.RouteDefinitionRouteLocator -   - RouteDefinition customer-service applying filter {name=customerServiceCB, fallbackuri=forward:/fallback/customers} to CircuitBreaker
2026-07-22 04:42:29.005 [DiscoveryClient-CacheRefreshExecutor-%d] DEBUG o.s.c.g.r.RouteDefinitionRouteLocator -   - RouteDefinition matched: customer-service
2026-07-22 04:42:29.005 [DiscoveryClient-CacheRefreshExecutor-%d] DEBUG o.s.c.g.filter.GatewayMetricsFilter -   - New routes count: 6
2026-07-22 05:00:45.631 [DiscoveryClient-HeartbeatExecutor-%d] DEBUG o.s.web.client.RestTemplate -   - HTTP PUT http://localhost:8761/eureka/apps/API-GATEWAY/10.132.124.77:api-gateway:8080?status=UP&lastDirtyTimestamp=1784675546505
2026-07-22 05:00:45.639 [DiscoveryClient-HeartbeatExecutor-%d] DEBUG o.s.web.client.RestTemplate -   - Accept=[application/json, application/yaml, application/*+json]
2026-07-22 05:00:45.645 [DiscoveryClient-HeartbeatExecutor-%d] DEBUG o.s.web.client.RestTemplate -   - Response 404 NOT_FOUND
2026-07-22 05:00:45.646 [DiscoveryClient-HeartbeatExecutor-%d] INFO  c.netflix.discovery.DiscoveryClient -   - DiscoveryClient_API-GATEWAY/10.132.124.77:api-gateway:8080 - Re-registering apps/API-GATEWAY
2026-07-22 05:00:45.646 [DiscoveryClient-HeartbeatExecutor-%d] INFO  c.netflix.discovery.DiscoveryClient -   - DiscoveryClient_API-GATEWAY/10.132.124.77:api-gateway:8080: registering service...
2026-07-22 05:00:45.646 [DiscoveryClient-HeartbeatExecutor-%d] DEBUG o.s.web.client.RestTemplate -   - HTTP POST http://localhost:8761/eureka/apps/API-GATEWAY
2026-07-22 05:00:45.646 [DiscoveryClient-HeartbeatExecutor-%d] DEBUG o.s.web.client.RestTemplate -   - Accept=[application/json, application/yaml, application/*+json]
2026-07-22 05:00:45.648 [DiscoveryClient-HeartbeatExecutor-%d] DEBUG o.s.web.client.RestTemplate -   - Writing [InstanceInfo [instanceId = 10.132.124.77:api-gateway:8080, appName = API-GATEWAY, hostName = 10.132.124.77, status = UP, ipAddr = 10.132.124.77, port = 8080, securePort = 443, dataCenterInfo = com.netflix.appinfo.MyDataCenterInfo@4cf9330f] as "application/json"
2026-07-22 05:00:45.652 [DiscoveryClient-HeartbeatExecutor-%d] DEBUG o.s.web.client.RestTemplate -   - Response 204 NO_CONTENT
2026-07-22 05:00:45.652 [DiscoveryClient-HeartbeatExecutor-%d] INFO  c.netflix.discovery.DiscoveryClient -   - DiscoveryClient_API-GATEWAY/10.132.124.77:api-gateway:8080 - registration status: 204
2026-07-22 05:00:48.120 [DiscoveryClient-CacheRefreshExecutor-%d] DEBUG o.s.web.client.RestTemplate -   - HTTP GET http://localhost:8761/eureka/apps/delta
2026-07-22 05:00:48.121 [DiscoveryClient-CacheRefreshExecutor-%d] DEBUG o.s.web.client.RestTemplate -   - Accept=[application/json, application/yaml, application/*+json]
2026-07-22 05:00:48.125 [DiscoveryClient-CacheRefreshExecutor-%d] DEBUG o.s.web.client.RestTemplate -   - Response 200 OK
2026-07-22 05:00:48.125 [DiscoveryClient-CacheRefreshExecutor-%d] DEBUG o.s.web.client.RestTemplate -   - Reading to [org.springframework.cloud.netflix.eureka.http.EurekaApplications]
2026-07-22 05:00:48.130 [DiscoveryClient-CacheRefreshExecutor-%d] DEBUG o.s.c.g.r.RouteDefinitionRouteLocator -   - RouteDefinition ReactiveCompositeDiscoveryClient_API-GATEWAY applying {pattern=/api-gateway/**} to Path
2026-07-22 05:00:48.132 [DiscoveryClient-CacheRefreshExecutor-%d] DEBUG o.s.c.g.r.RouteDefinitionRouteLocator -   - RouteDefinition ReactiveCompositeDiscoveryClient_API-GATEWAY applying filter {regexp=/api-gateway/?(?<remaining>.*), replacement=/${remaining}} to RewritePath
2026-07-22 05:00:48.132 [DiscoveryClient-CacheRefreshExecutor-%d] DEBUG o.s.c.g.r.RouteDefinitionRouteLocator -   - RouteDefinition matched: ReactiveCompositeDiscoveryClient_API-GATEWAY
2026-07-22 05:00:48.133 [DiscoveryClient-CacheRefreshExecutor-%d] DEBUG o.s.c.g.r.RouteDefinitionRouteLocator -   - RouteDefinition ReactiveCompositeDiscoveryClient_ACCOUNT-SERVICE applying {pattern=/account-service/**} to Path
2026-07-22 05:00:48.134 [DiscoveryClient-CacheRefreshExecutor-%d] DEBUG o.s.c.g.r.RouteDefinitionRouteLocator -   - RouteDefinition ReactiveCompositeDiscoveryClient_ACCOUNT-SERVICE applying filter {regexp=/account-service/?(?<remaining>.*), replacement=/${remaining}} to RewritePath
2026-07-22 05:00:48.134 [DiscoveryClient-CacheRefreshExecutor-%d] DEBUG o.s.c.g.r.RouteDefinitionRouteLocator -   - RouteDefinition matched: ReactiveCompositeDiscoveryClient_ACCOUNT-SERVICE
2026-07-22 05:00:48.134 [DiscoveryClient-CacheRefreshExecutor-%d] DEBUG o.s.c.g.r.RouteDefinitionRouteLocator -   - RouteDefinition ReactiveCompositeDiscoveryClient_WALLET-SERVICE applying {pattern=/wallet-service/**} to Path
2026-07-22 05:00:48.136 [DiscoveryClient-CacheRefreshExecutor-%d] DEBUG o.s.c.g.r.RouteDefinitionRouteLocator -   - RouteDefinition ReactiveCompositeDiscoveryClient_WALLET-SERVICE applying filter {regexp=/wallet-service/?(?<remaining>.*), replacement=/${remaining}} to RewritePath
2026-07-22 05:00:48.136 [DiscoveryClient-CacheRefreshExecutor-%d] DEBUG o.s.c.g.r.RouteDefinitionRouteLocator -   - RouteDefinition matched: ReactiveCompositeDiscoveryClient_WALLET-SERVICE
2026-07-22 05:00:48.136 [DiscoveryClient-CacheRefreshExecutor-%d] DEBUG o.s.c.g.r.RouteDefinitionRouteLocator -   - RouteDefinition auth-service applying {_genkey_0=/api/auth/**} to Path
2026-07-22 05:00:48.137 [DiscoveryClient-CacheRefreshExecutor-%d] DEBUG o.s.c.g.r.RouteDefinitionRouteLocator -   - RouteDefinition matched: auth-service
2026-07-22 05:00:48.137 [DiscoveryClient-CacheRefreshExecutor-%d] DEBUG o.s.c.g.r.RouteDefinitionRouteLocator -   - RouteDefinition wallet-service applying {_genkey_0=/api/wallets/**} to Path
2026-07-22 05:00:48.137 [DiscoveryClient-CacheRefreshExecutor-%d] DEBUG o.s.c.g.r.RouteDefinitionRouteLocator -   - RouteDefinition wallet-service applying filter {name=walletServiceCB, fallbackuri=forward:/fallback/wallets} to CircuitBreaker
2026-07-22 05:00:48.138 [DiscoveryClient-CacheRefreshExecutor-%d] DEBUG o.s.c.g.r.RouteDefinitionRouteLocator -   - RouteDefinition matched: wallet-service
2026-07-22 05:00:48.138 [DiscoveryClient-CacheRefreshExecutor-%d] DEBUG o.s.c.g.r.RouteDefinitionRouteLocator -   - RouteDefinition account-service applying {_genkey_0=/api/accounts/**} to Path
2026-07-22 05:00:48.138 [DiscoveryClient-CacheRefreshExecutor-%d] DEBUG o.s.c.g.r.RouteDefinitionRouteLocator -   - RouteDefinition account-service applying filter {name=accountServiceCB, fallbackuri=forward:/fallback/accounts} to CircuitBreaker
2026-07-22 05:00:48.139 [DiscoveryClient-CacheRefreshExecutor-%d] DEBUG o.s.c.g.r.RouteDefinitionRouteLocator -   - RouteDefinition matched: account-service
2026-07-22 05:00:48.139 [DiscoveryClient-CacheRefreshExecutor-%d] DEBUG o.s.c.g.r.RouteDefinitionRouteLocator -   - RouteDefinition customer-service applying {_genkey_0=/api/customers/**} to Path
2026-07-22 05:00:48.139 [DiscoveryClient-CacheRefreshExecutor-%d] DEBUG o.s.c.g.r.RouteDefinitionRouteLocator -   - RouteDefinition customer-service applying filter {name=customerServiceCB, fallbackuri=forward:/fallback/customers} to CircuitBreaker
2026-07-22 05:00:48.140 [DiscoveryClient-CacheRefreshExecutor-%d] DEBUG o.s.c.g.r.RouteDefinitionRouteLocator -   - RouteDefinition matched: customer-service
2026-07-22 05:00:48.140 [DiscoveryClient-CacheRefreshExecutor-%d] DEBUG o.s.c.g.filter.GatewayMetricsFilter -   - New routes count: 7
2026-07-22 05:17:21.897 [DiscoveryClient-HeartbeatExecutor-%d] DEBUG o.s.web.client.RestTemplate -   - HTTP PUT http://localhost:8761/eureka/apps/API-GATEWAY/10.132.124.77:api-gateway:8080?status=UP&lastDirtyTimestamp=1784676645646
2026-07-22 05:17:21.897 [DiscoveryClient-HeartbeatExecutor-%d] DEBUG o.s.web.client.RestTemplate -   - Accept=[application/json, application/yaml, application/*+json]
2026-07-22 05:17:21.905 [DiscoveryClient-HeartbeatExecutor-%d] DEBUG o.s.web.client.RestTemplate -   - Response 404 NOT_FOUND
2026-07-22 05:17:21.905 [DiscoveryClient-HeartbeatExecutor-%d] INFO  c.netflix.discovery.DiscoveryClient -   - DiscoveryClient_API-GATEWAY/10.132.124.77:api-gateway:8080 - Re-registering apps/API-GATEWAY
2026-07-22 05:17:21.905 [DiscoveryClient-HeartbeatExecutor-%d] INFO  c.netflix.discovery.DiscoveryClient -   - DiscoveryClient_API-GATEWAY/10.132.124.77:api-gateway:8080: registering service...
2026-07-22 05:17:21.905 [DiscoveryClient-HeartbeatExecutor-%d] DEBUG o.s.web.client.RestTemplate -   - HTTP POST http://localhost:8761/eureka/apps/API-GATEWAY
2026-07-22 05:17:21.905 [DiscoveryClient-HeartbeatExecutor-%d] DEBUG o.s.web.client.RestTemplate -   - Accept=[application/json, application/yaml, application/*+json]
2026-07-22 05:17:21.906 [DiscoveryClient-HeartbeatExecutor-%d] DEBUG o.s.web.client.RestTemplate -   - Writing [InstanceInfo [instanceId = 10.132.124.77:api-gateway:8080, appName = API-GATEWAY, hostName = 10.132.124.77, status = UP, ipAddr = 10.132.124.77, port = 8080, securePort = 443, dataCenterInfo = com.netflix.appinfo.MyDataCenterInfo@4cf9330f] as "application/json"
2026-07-22 05:17:21.911 [DiscoveryClient-HeartbeatExecutor-%d] DEBUG o.s.web.client.RestTemplate -   - Response 204 NO_CONTENT
2026-07-22 05:17:21.911 [DiscoveryClient-HeartbeatExecutor-%d] INFO  c.netflix.discovery.DiscoveryClient -   - DiscoveryClient_API-GATEWAY/10.132.124.77:api-gateway:8080 - registration status: 204
2026-07-22 05:17:24.390 [DiscoveryClient-CacheRefreshExecutor-%d] DEBUG o.s.web.client.RestTemplate -   - HTTP GET http://localhost:8761/eureka/apps/delta
2026-07-22 05:17:24.399 [DiscoveryClient-CacheRefreshExecutor-%d] DEBUG o.s.web.client.RestTemplate -   - Accept=[application/json, application/yaml, application/*+json]
2026-07-22 05:17:24.402 [DiscoveryClient-CacheRefreshExecutor-%d] DEBUG o.s.web.client.RestTemplate -   - Response 200 OK
2026-07-22 05:17:24.402 [DiscoveryClient-CacheRefreshExecutor-%d] DEBUG o.s.web.client.RestTemplate -   - Reading to [org.springframework.cloud.netflix.eureka.http.EurekaApplications]
2026-07-22 05:17:24.404 [DiscoveryClient-CacheRefreshExecutor-%d] DEBUG o.s.c.g.r.RouteDefinitionRouteLocator -   - RouteDefinition ReactiveCompositeDiscoveryClient_API-GATEWAY applying {pattern=/api-gateway/**} to Path
2026-07-22 05:17:24.405 [DiscoveryClient-CacheRefreshExecutor-%d] DEBUG o.s.c.g.r.RouteDefinitionRouteLocator -   - RouteDefinition ReactiveCompositeDiscoveryClient_API-GATEWAY applying filter {regexp=/api-gateway/?(?<remaining>.*), replacement=/${remaining}} to RewritePath
2026-07-22 05:17:24.406 [DiscoveryClient-CacheRefreshExecutor-%d] DEBUG o.s.c.g.r.RouteDefinitionRouteLocator -   - RouteDefinition matched: ReactiveCompositeDiscoveryClient_API-GATEWAY
2026-07-22 05:17:24.406 [DiscoveryClient-CacheRefreshExecutor-%d] DEBUG o.s.c.g.r.RouteDefinitionRouteLocator -   - RouteDefinition ReactiveCompositeDiscoveryClient_CUSTOMER-SERVICE applying {pattern=/customer-service/**} to Path
2026-07-22 05:17:24.406 [DiscoveryClient-CacheRefreshExecutor-%d] DEBUG o.s.c.g.r.RouteDefinitionRouteLocator -   - RouteDefinition ReactiveCompositeDiscoveryClient_CUSTOMER-SERVICE applying filter {regexp=/customer-service/?(?<remaining>.*), replacement=/${remaining}} to RewritePath
2026-07-22 05:17:24.407 [DiscoveryClient-CacheRefreshExecutor-%d] DEBUG o.s.c.g.r.RouteDefinitionRouteLocator -   - RouteDefinition matched: ReactiveCompositeDiscoveryClient_CUSTOMER-SERVICE
2026-07-22 05:17:24.407 [DiscoveryClient-CacheRefreshExecutor-%d] DEBUG o.s.c.g.r.RouteDefinitionRouteLocator -   - RouteDefinition ReactiveCompositeDiscoveryClient_ACCOUNT-SERVICE applying {pattern=/account-service/**} to Path
2026-07-22 05:17:24.407 [DiscoveryClient-CacheRefreshExecutor-%d] DEBUG o.s.c.g.r.RouteDefinitionRouteLocator -   - RouteDefinition ReactiveCompositeDiscoveryClient_ACCOUNT-SERVICE applying filter {regexp=/account-service/?(?<remaining>.*), replacement=/${remaining}} to RewritePath
2026-07-22 05:17:24.407 [DiscoveryClient-CacheRefreshExecutor-%d] DEBUG o.s.c.g.r.RouteDefinitionRouteLocator -   - RouteDefinition matched: ReactiveCompositeDiscoveryClient_ACCOUNT-SERVICE
2026-07-22 05:17:24.408 [DiscoveryClient-CacheRefreshExecutor-%d] DEBUG o.s.c.g.r.RouteDefinitionRouteLocator -   - RouteDefinition ReactiveCompositeDiscoveryClient_CONFIG-SERVER applying {pattern=/config-server/**} to Path
2026-07-22 05:17:24.408 [DiscoveryClient-CacheRefreshExecutor-%d] DEBUG o.s.c.g.r.RouteDefinitionRouteLocator -   - RouteDefinition ReactiveCompositeDiscoveryClient_CONFIG-SERVER applying filter {regexp=/config-server/?(?<remaining>.*), replacement=/${remaining}} to RewritePath
2026-07-22 05:17:24.408 [DiscoveryClient-CacheRefreshExecutor-%d] DEBUG o.s.c.g.r.RouteDefinitionRouteLocator -   - RouteDefinition matched: ReactiveCompositeDiscoveryClient_CONFIG-SERVER
2026-07-22 05:17:24.408 [DiscoveryClient-CacheRefreshExecutor-%d] DEBUG o.s.c.g.r.RouteDefinitionRouteLocator -   - RouteDefinition ReactiveCompositeDiscoveryClient_WALLET-SERVICE applying {pattern=/wallet-service/**} to Path
2026-07-22 05:17:24.409 [DiscoveryClient-CacheRefreshExecutor-%d] DEBUG o.s.c.g.r.RouteDefinitionRouteLocator -   - RouteDefinition ReactiveCompositeDiscoveryClient_WALLET-SERVICE applying filter {regexp=/wallet-service/?(?<remaining>.*), replacement=/${remaining}} to RewritePath
2026-07-22 05:17:24.409 [DiscoveryClient-CacheRefreshExecutor-%d] DEBUG o.s.c.g.r.RouteDefinitionRouteLocator -   - RouteDefinition matched: ReactiveCompositeDiscoveryClient_WALLET-SERVICE
2026-07-22 05:17:24.409 [DiscoveryClient-CacheRefreshExecutor-%d] DEBUG o.s.c.g.r.RouteDefinitionRouteLocator -   - RouteDefinition auth-service applying {_genkey_0=/api/auth/**} to Path
2026-07-22 05:17:24.410 [DiscoveryClient-CacheRefreshExecutor-%d] DEBUG o.s.c.g.r.RouteDefinitionRouteLocator -   - RouteDefinition matched: auth-service
2026-07-22 05:17:24.410 [DiscoveryClient-CacheRefreshExecutor-%d] DEBUG o.s.c.g.r.RouteDefinitionRouteLocator -   - RouteDefinition wallet-service applying {_genkey_0=/api/wallets/**} to Path
2026-07-22 05:17:24.410 [DiscoveryClient-CacheRefreshExecutor-%d] DEBUG o.s.c.g.r.RouteDefinitionRouteLocator -   - RouteDefinition wallet-service applying filter {name=walletServiceCB, fallbackuri=forward:/fallback/wallets} to CircuitBreaker
2026-07-22 05:17:24.411 [DiscoveryClient-CacheRefreshExecutor-%d] DEBUG o.s.c.g.r.RouteDefinitionRouteLocator -   - RouteDefinition matched: wallet-service
2026-07-22 05:17:24.411 [DiscoveryClient-CacheRefreshExecutor-%d] DEBUG o.s.c.g.r.RouteDefinitionRouteLocator -   - RouteDefinition account-service applying {_genkey_0=/api/accounts/**} to Path
2026-07-22 05:17:24.411 [DiscoveryClient-CacheRefreshExecutor-%d] DEBUG o.s.c.g.r.RouteDefinitionRouteLocator -   - RouteDefinition account-service applying filter {name=accountServiceCB, fallbackuri=forward:/fallback/accounts} to CircuitBreaker
2026-07-22 05:17:24.411 [DiscoveryClient-CacheRefreshExecutor-%d] DEBUG o.s.c.g.r.RouteDefinitionRouteLocator -   - RouteDefinition matched: account-service
2026-07-22 05:17:24.411 [DiscoveryClient-CacheRefreshExecutor-%d] DEBUG o.s.c.g.r.RouteDefinitionRouteLocator -   - RouteDefinition customer-service applying {_genkey_0=/api/customers/**} to Path
2026-07-22 05:17:24.412 [DiscoveryClient-CacheRefreshExecutor-%d] DEBUG o.s.c.g.r.RouteDefinitionRouteLocator -   - RouteDefinition customer-service applying filter {name=customerServiceCB, fallbackuri=forward:/fallback/customers} to CircuitBreaker
2026-07-22 05:17:24.412 [DiscoveryClient-CacheRefreshExecutor-%d] DEBUG o.s.c.g.r.RouteDefinitionRouteLocator -   - RouteDefinition matched: customer-service
2026-07-22 05:17:24.413 [DiscoveryClient-CacheRefreshExecutor-%d] DEBUG o.s.c.g.filter.GatewayMetricsFilter -   - New routes count: 9
2026-07-22 05:44:43.800 [DiscoveryClient-HeartbeatExecutor-%d] DEBUG o.s.web.client.RestTemplate -   - HTTP PUT http://localhost:8761/eureka/apps/API-GATEWAY/10.132.124.77:api-gateway:8080?status=UP&lastDirtyTimestamp=1784677641905
2026-07-22 05:44:43.803 [DiscoveryClient-HeartbeatExecutor-%d] DEBUG o.s.web.client.RestTemplate -   - Accept=[application/json, application/yaml, application/*+json]
2026-07-22 05:44:43.805 [DiscoveryClient-HeartbeatExecutor-%d] DEBUG o.s.web.client.RestTemplate -   - Response 404 NOT_FOUND
2026-07-22 05:44:43.806 [DiscoveryClient-HeartbeatExecutor-%d] INFO  c.netflix.discovery.DiscoveryClient -   - DiscoveryClient_API-GATEWAY/10.132.124.77:api-gateway:8080 - Re-registering apps/API-GATEWAY
2026-07-22 05:44:43.806 [DiscoveryClient-HeartbeatExecutor-%d] INFO  c.netflix.discovery.DiscoveryClient -   - DiscoveryClient_API-GATEWAY/10.132.124.77:api-gateway:8080: registering service...
2026-07-22 05:44:43.806 [DiscoveryClient-HeartbeatExecutor-%d] DEBUG o.s.web.client.RestTemplate -   - HTTP POST http://localhost:8761/eureka/apps/API-GATEWAY
2026-07-22 05:44:43.806 [DiscoveryClient-HeartbeatExecutor-%d] DEBUG o.s.web.client.RestTemplate -   - Accept=[application/json, application/yaml, application/*+json]
2026-07-22 05:44:43.806 [DiscoveryClient-HeartbeatExecutor-%d] DEBUG o.s.web.client.RestTemplate -   - Writing [InstanceInfo [instanceId = 10.132.124.77:api-gateway:8080, appName = API-GATEWAY, hostName = 10.132.124.77, status = UP, ipAddr = 10.132.124.77, port = 8080, securePort = 443, dataCenterInfo = com.netflix.appinfo.MyDataCenterInfo@4cf9330f] as "application/json"
2026-07-22 05:44:43.807 [DiscoveryClient-HeartbeatExecutor-%d] DEBUG o.s.web.client.RestTemplate -   - Response 204 NO_CONTENT
2026-07-22 05:44:43.807 [DiscoveryClient-HeartbeatExecutor-%d] INFO  c.netflix.discovery.DiscoveryClient -   - DiscoveryClient_API-GATEWAY/10.132.124.77:api-gateway:8080 - registration status: 204
2026-07-22 05:44:46.307 [DiscoveryClient-CacheRefreshExecutor-%d] DEBUG o.s.web.client.RestTemplate -   - HTTP GET http://localhost:8761/eureka/apps/delta
2026-07-22 05:44:46.309 [DiscoveryClient-CacheRefreshExecutor-%d] DEBUG o.s.web.client.RestTemplate -   - Accept=[application/json, application/yaml, application/*+json]
2026-07-22 05:44:46.310 [DiscoveryClient-CacheRefreshExecutor-%d] DEBUG o.s.web.client.RestTemplate -   - Response 200 OK
2026-07-22 05:44:46.310 [DiscoveryClient-CacheRefreshExecutor-%d] DEBUG o.s.web.client.RestTemplate -   - Reading to [org.springframework.cloud.netflix.eureka.http.EurekaApplications]
2026-07-22 05:44:46.311 [DiscoveryClient-CacheRefreshExecutor-%d] DEBUG o.s.c.g.r.RouteDefinitionRouteLocator -   - RouteDefinition ReactiveCompositeDiscoveryClient_API-GATEWAY applying {pattern=/api-gateway/**} to Path
2026-07-22 05:44:46.312 [DiscoveryClient-CacheRefreshExecutor-%d] DEBUG o.s.c.g.r.RouteDefinitionRouteLocator -   - RouteDefinition ReactiveCompositeDiscoveryClient_API-GATEWAY applying filter {regexp=/api-gateway/?(?<remaining>.*), replacement=/${remaining}} to RewritePath
2026-07-22 05:44:46.312 [DiscoveryClient-CacheRefreshExecutor-%d] DEBUG o.s.c.g.r.RouteDefinitionRouteLocator -   - RouteDefinition matched: ReactiveCompositeDiscoveryClient_API-GATEWAY
2026-07-22 05:44:46.312 [DiscoveryClient-CacheRefreshExecutor-%d] DEBUG o.s.c.g.r.RouteDefinitionRouteLocator -   - RouteDefinition ReactiveCompositeDiscoveryClient_ACCOUNT-SERVICE applying {pattern=/account-service/**} to Path
2026-07-22 05:44:46.312 [DiscoveryClient-CacheRefreshExecutor-%d] DEBUG o.s.c.g.r.RouteDefinitionRouteLocator -   - RouteDefinition ReactiveCompositeDiscoveryClient_ACCOUNT-SERVICE applying filter {regexp=/account-service/?(?<remaining>.*), replacement=/${remaining}} to RewritePath
2026-07-22 05:44:46.313 [DiscoveryClient-CacheRefreshExecutor-%d] DEBUG o.s.c.g.r.RouteDefinitionRouteLocator -   - RouteDefinition matched: ReactiveCompositeDiscoveryClient_ACCOUNT-SERVICE
2026-07-22 05:44:46.313 [DiscoveryClient-CacheRefreshExecutor-%d] DEBUG o.s.c.g.r.RouteDefinitionRouteLocator -   - RouteDefinition ReactiveCompositeDiscoveryClient_AUTH-SERVICE applying {pattern=/auth-service/**} to Path
2026-07-22 05:44:46.313 [DiscoveryClient-CacheRefreshExecutor-%d] DEBUG o.s.c.g.r.RouteDefinitionRouteLocator -   - RouteDefinition ReactiveCompositeDiscoveryClient_AUTH-SERVICE applying filter {regexp=/auth-service/?(?<remaining>.*), replacement=/${remaining}} to RewritePath
2026-07-22 05:44:46.313 [DiscoveryClient-CacheRefreshExecutor-%d] DEBUG o.s.c.g.r.RouteDefinitionRouteLocator -   - RouteDefinition matched: ReactiveCompositeDiscoveryClient_AUTH-SERVICE
2026-07-22 05:44:46.313 [DiscoveryClient-CacheRefreshExecutor-%d] DEBUG o.s.c.g.r.RouteDefinitionRouteLocator -   - RouteDefinition ReactiveCompositeDiscoveryClient_WALLET-SERVICE applying {pattern=/wallet-service/**} to Path
2026-07-22 05:44:46.313 [DiscoveryClient-CacheRefreshExecutor-%d] DEBUG o.s.c.g.r.RouteDefinitionRouteLocator -   - RouteDefinition ReactiveCompositeDiscoveryClient_WALLET-SERVICE applying filter {regexp=/wallet-service/?(?<remaining>.*), replacement=/${remaining}} to RewritePath
2026-07-22 05:44:46.313 [DiscoveryClient-CacheRefreshExecutor-%d] DEBUG o.s.c.g.r.RouteDefinitionRouteLocator -   - RouteDefinition matched: ReactiveCompositeDiscoveryClient_WALLET-SERVICE
2026-07-22 05:44:46.313 [DiscoveryClient-CacheRefreshExecutor-%d] DEBUG o.s.c.g.r.RouteDefinitionRouteLocator -   - RouteDefinition auth-service applying {_genkey_0=/api/auth/**} to Path
2026-07-22 05:44:46.313 [DiscoveryClient-CacheRefreshExecutor-%d] DEBUG o.s.c.g.r.RouteDefinitionRouteLocator -   - RouteDefinition matched: auth-service
2026-07-22 05:44:46.313 [DiscoveryClient-CacheRefreshExecutor-%d] DEBUG o.s.c.g.r.RouteDefinitionRouteLocator -   - RouteDefinition wallet-service applying {_genkey_0=/api/wallets/**} to Path
2026-07-22 05:44:46.313 [DiscoveryClient-CacheRefreshExecutor-%d] DEBUG o.s.c.g.r.RouteDefinitionRouteLocator -   - RouteDefinition wallet-service applying filter {name=walletServiceCB, fallbackuri=forward:/fallback/wallets} to CircuitBreaker
2026-07-22 05:44:46.314 [DiscoveryClient-CacheRefreshExecutor-%d] DEBUG o.s.c.g.r.RouteDefinitionRouteLocator -   - RouteDefinition matched: wallet-service
2026-07-22 05:44:46.314 [DiscoveryClient-CacheRefreshExecutor-%d] DEBUG o.s.c.g.r.RouteDefinitionRouteLocator -   - RouteDefinition account-service applying {_genkey_0=/api/accounts/**} to Path
2026-07-22 05:44:46.314 [DiscoveryClient-CacheRefreshExecutor-%d] DEBUG o.s.c.g.r.RouteDefinitionRouteLocator -   - RouteDefinition account-service applying filter {name=accountServiceCB, fallbackuri=forward:/fallback/accounts} to CircuitBreaker
2026-07-22 05:44:46.314 [DiscoveryClient-CacheRefreshExecutor-%d] DEBUG o.s.c.g.r.RouteDefinitionRouteLocator -   - RouteDefinition matched: account-service
2026-07-22 05:44:46.314 [DiscoveryClient-CacheRefreshExecutor-%d] DEBUG o.s.c.g.r.RouteDefinitionRouteLocator -   - RouteDefinition customer-service applying {_genkey_0=/api/customers/**} to Path
2026-07-22 05:44:46.315 [DiscoveryClient-CacheRefreshExecutor-%d] DEBUG o.s.c.g.r.RouteDefinitionRouteLocator -   - RouteDefinition customer-service applying filter {name=customerServiceCB, fallbackuri=forward:/fallback/customers} to CircuitBreaker
2026-07-22 05:44:46.315 [DiscoveryClient-CacheRefreshExecutor-%d] DEBUG o.s.c.g.r.RouteDefinitionRouteLocator -   - RouteDefinition matched: customer-service
2026-07-22 05:44:46.315 [DiscoveryClient-CacheRefreshExecutor-%d] DEBUG o.s.c.g.filter.GatewayMetricsFilter -   - New routes count: 8
2026-07-22 06:22:08.559 [DiscoveryClient-HeartbeatExecutor-%d] DEBUG o.s.web.client.RestTemplate -   - HTTP PUT http://localhost:8761/eureka/apps/API-GATEWAY/10.132.124.77:api-gateway:8080?status=UP&lastDirtyTimestamp=1784679283806
2026-07-22 06:22:08.568 [DiscoveryClient-HeartbeatExecutor-%d] DEBUG o.s.web.client.RestTemplate -   - Accept=[application/json, application/yaml, application/*+json]
2026-07-22 06:22:08.584 [DiscoveryClient-HeartbeatExecutor-%d] DEBUG o.s.web.client.RestTemplate -   - Response 404 NOT_FOUND
2026-07-22 06:22:08.585 [DiscoveryClient-HeartbeatExecutor-%d] INFO  c.netflix.discovery.DiscoveryClient -   - DiscoveryClient_API-GATEWAY/10.132.124.77:api-gateway:8080 - Re-registering apps/API-GATEWAY
2026-07-22 06:22:08.585 [DiscoveryClient-HeartbeatExecutor-%d] INFO  c.netflix.discovery.DiscoveryClient -   - DiscoveryClient_API-GATEWAY/10.132.124.77:api-gateway:8080: registering service...
2026-07-22 06:22:08.585 [DiscoveryClient-HeartbeatExecutor-%d] DEBUG o.s.web.client.RestTemplate -   - HTTP POST http://localhost:8761/eureka/apps/API-GATEWAY
2026-07-22 06:22:08.585 [DiscoveryClient-HeartbeatExecutor-%d] DEBUG o.s.web.client.RestTemplate -   - Accept=[application/json, application/yaml, application/*+json]
2026-07-22 06:22:08.587 [DiscoveryClient-HeartbeatExecutor-%d] DEBUG o.s.web.client.RestTemplate -   - Writing [InstanceInfo [instanceId = 10.132.124.77:api-gateway:8080, appName = API-GATEWAY, hostName = 10.132.124.77, status = UP, ipAddr = 10.132.124.77, port = 8080, securePort = 443, dataCenterInfo = com.netflix.appinfo.MyDataCenterInfo@4cf9330f] as "application/json"
2026-07-22 06:22:08.590 [DiscoveryClient-HeartbeatExecutor-%d] DEBUG o.s.web.client.RestTemplate -   - Response 204 NO_CONTENT
2026-07-22 06:22:08.590 [DiscoveryClient-HeartbeatExecutor-%d] INFO  c.netflix.discovery.DiscoveryClient -   - DiscoveryClient_API-GATEWAY/10.132.124.77:api-gateway:8080 - registration status: 204
2026-07-22 06:22:11.070 [DiscoveryClient-CacheRefreshExecutor-%d] DEBUG o.s.web.client.RestTemplate -   - HTTP GET http://localhost:8761/eureka/apps/delta
2026-07-22 06:22:11.075 [DiscoveryClient-CacheRefreshExecutor-%d] DEBUG o.s.web.client.RestTemplate -   - Accept=[application/json, application/yaml, application/*+json]
2026-07-22 06:22:11.076 [DiscoveryClient-CacheRefreshExecutor-%d] DEBUG o.s.web.client.RestTemplate -   - Response 200 OK
2026-07-22 06:22:11.076 [DiscoveryClient-CacheRefreshExecutor-%d] DEBUG o.s.web.client.RestTemplate -   - Reading to [org.springframework.cloud.netflix.eureka.http.EurekaApplications]
2026-07-22 06:22:11.077 [DiscoveryClient-CacheRefreshExecutor-%d] DEBUG o.s.c.g.r.RouteDefinitionRouteLocator -   - RouteDefinition ReactiveCompositeDiscoveryClient_CUSTOMER-SERVICE applying {pattern=/customer-service/**} to Path
2026-07-22 06:22:11.077 [DiscoveryClient-CacheRefreshExecutor-%d] DEBUG o.s.c.g.r.RouteDefinitionRouteLocator -   - RouteDefinition ReactiveCompositeDiscoveryClient_CUSTOMER-SERVICE applying filter {regexp=/customer-service/?(?<remaining>.*), replacement=/${remaining}} to RewritePath
2026-07-22 06:22:11.077 [DiscoveryClient-CacheRefreshExecutor-%d] DEBUG o.s.c.g.r.RouteDefinitionRouteLocator -   - RouteDefinition matched: ReactiveCompositeDiscoveryClient_CUSTOMER-SERVICE
2026-07-22 06:22:11.077 [DiscoveryClient-CacheRefreshExecutor-%d] DEBUG o.s.c.g.r.RouteDefinitionRouteLocator -   - RouteDefinition ReactiveCompositeDiscoveryClient_AUTH-SERVICE applying {pattern=/auth-service/**} to Path
2026-07-22 06:22:11.077 [DiscoveryClient-CacheRefreshExecutor-%d] DEBUG o.s.c.g.r.RouteDefinitionRouteLocator -   - RouteDefinition ReactiveCompositeDiscoveryClient_AUTH-SERVICE applying filter {regexp=/auth-service/?(?<remaining>.*), replacement=/${remaining}} to RewritePath
2026-07-22 06:22:11.078 [DiscoveryClient-CacheRefreshExecutor-%d] DEBUG o.s.c.g.r.RouteDefinitionRouteLocator -   - RouteDefinition matched: ReactiveCompositeDiscoveryClient_AUTH-SERVICE
2026-07-22 06:22:11.078 [DiscoveryClient-CacheRefreshExecutor-%d] DEBUG o.s.c.g.r.RouteDefinitionRouteLocator -   - RouteDefinition ReactiveCompositeDiscoveryClient_WALLET-SERVICE applying {pattern=/wallet-service/**} to Path
2026-07-22 06:22:11.078 [DiscoveryClient-CacheRefreshExecutor-%d] DEBUG o.s.c.g.r.RouteDefinitionRouteLocator -   - RouteDefinition ReactiveCompositeDiscoveryClient_WALLET-SERVICE applying filter {regexp=/wallet-service/?(?<remaining>.*), replacement=/${remaining}} to RewritePath
2026-07-22 06:22:11.078 [DiscoveryClient-CacheRefreshExecutor-%d] DEBUG o.s.c.g.r.RouteDefinitionRouteLocator -   - RouteDefinition matched: ReactiveCompositeDiscoveryClient_WALLET-SERVICE
2026-07-22 06:22:11.078 [DiscoveryClient-CacheRefreshExecutor-%d] DEBUG o.s.c.g.r.RouteDefinitionRouteLocator -   - RouteDefinition auth-service applying {_genkey_0=/api/auth/**} to Path
2026-07-22 06:22:11.078 [DiscoveryClient-CacheRefreshExecutor-%d] DEBUG o.s.c.g.r.RouteDefinitionRouteLocator -   - RouteDefinition matched: auth-service
2026-07-22 06:22:11.078 [DiscoveryClient-CacheRefreshExecutor-%d] DEBUG o.s.c.g.r.RouteDefinitionRouteLocator -   - RouteDefinition wallet-service applying {_genkey_0=/api/wallets/**} to Path
2026-07-22 06:22:11.078 [DiscoveryClient-CacheRefreshExecutor-%d] DEBUG o.s.c.g.r.RouteDefinitionRouteLocator -   - RouteDefinition wallet-service applying filter {name=walletServiceCB, fallbackuri=forward:/fallback/wallets} to CircuitBreaker
2026-07-22 06:22:11.078 [DiscoveryClient-CacheRefreshExecutor-%d] DEBUG o.s.c.g.r.RouteDefinitionRouteLocator -   - RouteDefinition matched: wallet-service
2026-07-22 06:22:11.078 [DiscoveryClient-CacheRefreshExecutor-%d] DEBUG o.s.c.g.r.RouteDefinitionRouteLocator -   - RouteDefinition account-service applying {_genkey_0=/api/accounts/**} to Path
2026-07-22 06:22:11.078 [DiscoveryClient-CacheRefreshExecutor-%d] DEBUG o.s.c.g.r.RouteDefinitionRouteLocator -   - RouteDefinition account-service applying filter {name=accountServiceCB, fallbackuri=forward:/fallback/accounts} to CircuitBreaker
2026-07-22 06:22:11.078 [DiscoveryClient-CacheRefreshExecutor-%d] DEBUG o.s.c.g.r.RouteDefinitionRouteLocator -   - RouteDefinition matched: account-service
2026-07-22 06:22:11.078 [DiscoveryClient-CacheRefreshExecutor-%d] DEBUG o.s.c.g.r.RouteDefinitionRouteLocator -   - RouteDefinition customer-service applying {_genkey_0=/api/customers/**} to Path
2026-07-22 06:22:11.079 [DiscoveryClient-CacheRefreshExecutor-%d] DEBUG o.s.c.g.r.RouteDefinitionRouteLocator -   - RouteDefinition customer-service applying filter {name=customerServiceCB, fallbackuri=forward:/fallback/customers} to CircuitBreaker
2026-07-22 06:22:11.079 [DiscoveryClient-CacheRefreshExecutor-%d] DEBUG o.s.c.g.r.RouteDefinitionRouteLocator -   - RouteDefinition matched: customer-service
2026-07-22 06:22:11.079 [DiscoveryClient-CacheRefreshExecutor-%d] DEBUG o.s.c.g.filter.GatewayMetricsFilter -   - New routes count: 7
2026-07-22 06:22:38.636 [DiscoveryClient-HeartbeatExecutor-%d] DEBUG o.s.web.client.RestTemplate -   - HTTP PUT http://localhost:8761/eureka/apps/API-GATEWAY/10.132.124.77:api-gateway:8080?status=UP&lastDirtyTimestamp=1784681528585
2026-07-22 06:22:38.639 [DiscoveryClient-HeartbeatExecutor-%d] DEBUG o.s.web.client.RestTemplate -   - Accept=[application/json, application/yaml, application/*+json]
2026-07-22 06:22:38.649 [DiscoveryClient-HeartbeatExecutor-%d] DEBUG o.s.web.client.RestTemplate -   - Response 200 OK
2026-07-22 06:22:41.115 [DiscoveryClient-CacheRefreshExecutor-%d] DEBUG o.s.web.client.RestTemplate -   - HTTP GET http://localhost:8761/eureka/apps/delta
2026-07-22 06:22:41.116 [DiscoveryClient-CacheRefreshExecutor-%d] DEBUG o.s.web.client.RestTemplate -   - Accept=[application/json, application/yaml, application/*+json]
2026-07-22 06:22:41.119 [DiscoveryClient-CacheRefreshExecutor-%d] DEBUG o.s.web.client.RestTemplate -   - Response 200 OK
2026-07-22 06:22:41.119 [DiscoveryClient-CacheRefreshExecutor-%d] DEBUG o.s.web.client.RestTemplate -   - Reading to [org.springframework.cloud.netflix.eureka.http.EurekaApplications]
2026-07-22 06:22:41.124 [DiscoveryClient-CacheRefreshExecutor-%d] DEBUG o.s.c.g.r.RouteDefinitionRouteLocator -   - RouteDefinition ReactiveCompositeDiscoveryClient_API-GATEWAY applying {pattern=/api-gateway/**} to Path
2026-07-22 06:22:41.127 [DiscoveryClient-CacheRefreshExecutor-%d] DEBUG o.s.c.g.r.RouteDefinitionRouteLocator -   - RouteDefinition ReactiveCompositeDiscoveryClient_API-GATEWAY applying filter {regexp=/api-gateway/?(?<remaining>.*), replacement=/${remaining}} to RewritePath
2026-07-22 06:22:41.128 [DiscoveryClient-CacheRefreshExecutor-%d] DEBUG o.s.c.g.r.RouteDefinitionRouteLocator -   - RouteDefinition matched: ReactiveCompositeDiscoveryClient_API-GATEWAY
2026-07-22 06:22:41.128 [DiscoveryClient-CacheRefreshExecutor-%d] DEBUG o.s.c.g.r.RouteDefinitionRouteLocator -   - RouteDefinition ReactiveCompositeDiscoveryClient_ACCOUNT-SERVICE applying {pattern=/account-service/**} to Path
2026-07-22 06:22:41.128 [DiscoveryClient-CacheRefreshExecutor-%d] DEBUG o.s.c.g.r.RouteDefinitionRouteLocator -   - RouteDefinition ReactiveCompositeDiscoveryClient_ACCOUNT-SERVICE applying filter {regexp=/account-service/?(?<remaining>.*), replacement=/${remaining}} to RewritePath
2026-07-22 06:22:41.129 [DiscoveryClient-CacheRefreshExecutor-%d] DEBUG o.s.c.g.r.RouteDefinitionRouteLocator -   - RouteDefinition matched: ReactiveCompositeDiscoveryClient_ACCOUNT-SERVICE
2026-07-22 06:22:41.129 [DiscoveryClient-CacheRefreshExecutor-%d] DEBUG o.s.c.g.r.RouteDefinitionRouteLocator -   - RouteDefinition ReactiveCompositeDiscoveryClient_WALLET-SERVICE applying {pattern=/wallet-service/**} to Path
2026-07-22 06:22:41.129 [DiscoveryClient-CacheRefreshExecutor-%d] DEBUG o.s.c.g.r.RouteDefinitionRouteLocator -   - RouteDefinition ReactiveCompositeDiscoveryClient_WALLET-SERVICE applying filter {regexp=/wallet-service/?(?<remaining>.*), replacement=/${remaining}} to RewritePath
2026-07-22 06:22:41.129 [DiscoveryClient-CacheRefreshExecutor-%d] DEBUG o.s.c.g.r.RouteDefinitionRouteLocator -   - RouteDefinition matched: ReactiveCompositeDiscoveryClient_WALLET-SERVICE
2026-07-22 06:22:41.129 [DiscoveryClient-CacheRefreshExecutor-%d] DEBUG o.s.c.g.r.RouteDefinitionRouteLocator -   - RouteDefinition auth-service applying {_genkey_0=/api/auth/**} to Path
2026-07-22 06:22:41.129 [DiscoveryClient-CacheRefreshExecutor-%d] DEBUG o.s.c.g.r.RouteDefinitionRouteLocator -   - RouteDefinition matched: auth-service
2026-07-22 06:22:41.129 [DiscoveryClient-CacheRefreshExecutor-%d] DEBUG o.s.c.g.r.RouteDefinitionRouteLocator -   - RouteDefinition wallet-service applying {_genkey_0=/api/wallets/**} to Path
2026-07-22 06:22:41.130 [DiscoveryClient-CacheRefreshExecutor-%d] DEBUG o.s.c.g.r.RouteDefinitionRouteLocator -   - RouteDefinition wallet-service applying filter {name=walletServiceCB, fallbackuri=forward:/fallback/wallets} to CircuitBreaker
2026-07-22 06:22:41.130 [DiscoveryClient-CacheRefreshExecutor-%d] DEBUG o.s.c.g.r.RouteDefinitionRouteLocator -   - RouteDefinition matched: wallet-service
2026-07-22 06:22:41.130 [DiscoveryClient-CacheRefreshExecutor-%d] DEBUG o.s.c.g.r.RouteDefinitionRouteLocator -   - RouteDefinition account-service applying {_genkey_0=/api/accounts/**} to Path
2026-07-22 06:22:41.130 [DiscoveryClient-CacheRefreshExecutor-%d] DEBUG o.s.c.g.r.RouteDefinitionRouteLocator -   - RouteDefinition account-service applying filter {name=accountServiceCB, fallbackuri=forward:/fallback/accounts} to CircuitBreaker
2026-07-22 06:22:41.131 [DiscoveryClient-CacheRefreshExecutor-%d] DEBUG o.s.c.g.r.RouteDefinitionRouteLocator -   - RouteDefinition matched: account-service
2026-07-22 06:22:41.131 [DiscoveryClient-CacheRefreshExecutor-%d] DEBUG o.s.c.g.r.RouteDefinitionRouteLocator -   - RouteDefinition customer-service applying {_genkey_0=/api/customers/**} to Path
2026-07-22 06:22:41.131 [DiscoveryClient-CacheRefreshExecutor-%d] DEBUG o.s.c.g.r.RouteDefinitionRouteLocator -   - RouteDefinition customer-service applying filter {name=customerServiceCB, fallbackuri=forward:/fallback/customers} to CircuitBreaker
2026-07-22 06:22:41.131 [DiscoveryClient-CacheRefreshExecutor-%d] DEBUG o.s.c.g.r.RouteDefinitionRouteLocator -   - RouteDefinition matched: customer-service
2026-07-22 06:22:41.132 [DiscoveryClient-CacheRefreshExecutor-%d] DEBUG o.s.c.g.filter.GatewayMetricsFilter -   - New routes count: 7
2026-07-22 06:27:49.020 [DiscoveryClient-HeartbeatExecutor-%d] DEBUG o.s.web.client.RestTemplate -   - HTTP PUT http://localhost:8761/eureka/apps/API-GATEWAY/10.132.124.77:api-gateway:8080?status=UP&lastDirtyTimestamp=1784681528585
2026-07-22 06:27:49.021 [DiscoveryClient-HeartbeatExecutor-%d] DEBUG o.s.web.client.RestTemplate -   - Accept=[application/json, application/yaml, application/*+json]
2026-07-22 06:27:49.036 [DiscoveryClient-HeartbeatExecutor-%d] DEBUG o.s.web.client.RestTemplate -   - Response 404 NOT_FOUND
2026-07-22 06:27:49.036 [DiscoveryClient-HeartbeatExecutor-%d] INFO  c.netflix.discovery.DiscoveryClient -   - DiscoveryClient_API-GATEWAY/10.132.124.77:api-gateway:8080 - Re-registering apps/API-GATEWAY
2026-07-22 06:27:49.037 [DiscoveryClient-HeartbeatExecutor-%d] INFO  c.netflix.discovery.DiscoveryClient -   - DiscoveryClient_API-GATEWAY/10.132.124.77:api-gateway:8080: registering service...
2026-07-22 06:27:49.037 [DiscoveryClient-HeartbeatExecutor-%d] DEBUG o.s.web.client.RestTemplate -   - HTTP POST http://localhost:8761/eureka/apps/API-GATEWAY
2026-07-22 06:27:49.038 [DiscoveryClient-HeartbeatExecutor-%d] DEBUG o.s.web.client.RestTemplate -   - Accept=[application/json, application/yaml, application/*+json]
2026-07-22 06:27:49.039 [DiscoveryClient-HeartbeatExecutor-%d] DEBUG o.s.web.client.RestTemplate -   - Writing [InstanceInfo [instanceId = 10.132.124.77:api-gateway:8080, appName = API-GATEWAY, hostName = 10.132.124.77, status = UP, ipAddr = 10.132.124.77, port = 8080, securePort = 443, dataCenterInfo = com.netflix.appinfo.MyDataCenterInfo@4cf9330f] as "application/json"
2026-07-22 06:27:49.045 [DiscoveryClient-HeartbeatExecutor-%d] DEBUG o.s.web.client.RestTemplate -   - Response 204 NO_CONTENT
2026-07-22 06:27:49.045 [DiscoveryClient-HeartbeatExecutor-%d] INFO  c.netflix.discovery.DiscoveryClient -   - DiscoveryClient_API-GATEWAY/10.132.124.77:api-gateway:8080 - registration status: 204
2026-07-22 06:27:51.492 [DiscoveryClient-CacheRefreshExecutor-%d] DEBUG o.s.web.client.RestTemplate -   - HTTP GET http://localhost:8761/eureka/apps/delta
2026-07-22 06:27:51.492 [DiscoveryClient-CacheRefreshExecutor-%d] DEBUG o.s.web.client.RestTemplate -   - Accept=[application/json, application/yaml, application/*+json]
2026-07-22 06:27:51.496 [DiscoveryClient-CacheRefreshExecutor-%d] DEBUG o.s.web.client.RestTemplate -   - Response 200 OK
2026-07-22 06:27:51.497 [DiscoveryClient-CacheRefreshExecutor-%d] DEBUG o.s.web.client.RestTemplate -   - Reading to [org.springframework.cloud.netflix.eureka.http.EurekaApplications]
2026-07-22 06:27:51.498 [DiscoveryClient-CacheRefreshExecutor-%d] DEBUG o.s.c.g.r.RouteDefinitionRouteLocator -   - RouteDefinition ReactiveCompositeDiscoveryClient_API-GATEWAY applying {pattern=/api-gateway/**} to Path
2026-07-22 06:27:51.499 [DiscoveryClient-CacheRefreshExecutor-%d] DEBUG o.s.c.g.r.RouteDefinitionRouteLocator -   - RouteDefinition ReactiveCompositeDiscoveryClient_API-GATEWAY applying filter {regexp=/api-gateway/?(?<remaining>.*), replacement=/${remaining}} to RewritePath
2026-07-22 06:27:51.499 [DiscoveryClient-CacheRefreshExecutor-%d] DEBUG o.s.c.g.r.RouteDefinitionRouteLocator -   - RouteDefinition matched: ReactiveCompositeDiscoveryClient_API-GATEWAY
2026-07-22 06:27:51.499 [DiscoveryClient-CacheRefreshExecutor-%d] DEBUG o.s.c.g.r.RouteDefinitionRouteLocator -   - RouteDefinition ReactiveCompositeDiscoveryClient_CUSTOMER-SERVICE applying {pattern=/customer-service/**} to Path
2026-07-22 06:27:51.500 [DiscoveryClient-CacheRefreshExecutor-%d] DEBUG o.s.c.g.r.RouteDefinitionRouteLocator -   - RouteDefinition ReactiveCompositeDiscoveryClient_CUSTOMER-SERVICE applying filter {regexp=/customer-service/?(?<remaining>.*), replacement=/${remaining}} to RewritePath
2026-07-22 06:27:51.500 [DiscoveryClient-CacheRefreshExecutor-%d] DEBUG o.s.c.g.r.RouteDefinitionRouteLocator -   - RouteDefinition matched: ReactiveCompositeDiscoveryClient_CUSTOMER-SERVICE
2026-07-22 06:27:51.500 [DiscoveryClient-CacheRefreshExecutor-%d] DEBUG o.s.c.g.r.RouteDefinitionRouteLocator -   - RouteDefinition ReactiveCompositeDiscoveryClient_ACCOUNT-SERVICE applying {pattern=/account-service/**} to Path
2026-07-22 06:27:51.500 [DiscoveryClient-CacheRefreshExecutor-%d] DEBUG o.s.c.g.r.RouteDefinitionRouteLocator -   - RouteDefinition ReactiveCompositeDiscoveryClient_ACCOUNT-SERVICE applying filter {regexp=/account-service/?(?<remaining>.*), replacement=/${remaining}} to RewritePath
2026-07-22 06:27:51.501 [DiscoveryClient-CacheRefreshExecutor-%d] DEBUG o.s.c.g.r.RouteDefinitionRouteLocator -   - RouteDefinition matched: ReactiveCompositeDiscoveryClient_ACCOUNT-SERVICE
2026-07-22 06:27:51.501 [DiscoveryClient-CacheRefreshExecutor-%d] DEBUG o.s.c.g.r.RouteDefinitionRouteLocator -   - RouteDefinition ReactiveCompositeDiscoveryClient_AUTH-SERVICE applying {pattern=/auth-service/**} to Path
2026-07-22 06:27:51.501 [DiscoveryClient-CacheRefreshExecutor-%d] DEBUG o.s.c.g.r.RouteDefinitionRouteLocator -   - RouteDefinition ReactiveCompositeDiscoveryClient_AUTH-SERVICE applying filter {regexp=/auth-service/?(?<remaining>.*), replacement=/${remaining}} to RewritePath
2026-07-22 06:27:51.501 [DiscoveryClient-CacheRefreshExecutor-%d] DEBUG o.s.c.g.r.RouteDefinitionRouteLocator -   - RouteDefinition matched: ReactiveCompositeDiscoveryClient_AUTH-SERVICE
2026-07-22 06:27:51.501 [DiscoveryClient-CacheRefreshExecutor-%d] DEBUG o.s.c.g.r.RouteDefinitionRouteLocator -   - RouteDefinition ReactiveCompositeDiscoveryClient_CONFIG-SERVER applying {pattern=/config-server/**} to Path
2026-07-22 06:27:51.501 [DiscoveryClient-CacheRefreshExecutor-%d] DEBUG o.s.c.g.r.RouteDefinitionRouteLocator -   - RouteDefinition ReactiveCompositeDiscoveryClient_CONFIG-SERVER applying filter {regexp=/config-server/?(?<remaining>.*), replacement=/${remaining}} to RewritePath
2026-07-22 06:27:51.502 [DiscoveryClient-CacheRefreshExecutor-%d] DEBUG o.s.c.g.r.RouteDefinitionRouteLocator -   - RouteDefinition matched: ReactiveCompositeDiscoveryClient_CONFIG-SERVER
2026-07-22 06:27:51.502 [DiscoveryClient-CacheRefreshExecutor-%d] DEBUG o.s.c.g.r.RouteDefinitionRouteLocator -   - RouteDefinition ReactiveCompositeDiscoveryClient_WALLET-SERVICE applying {pattern=/wallet-service/**} to Path
2026-07-22 06:27:51.502 [DiscoveryClient-CacheRefreshExecutor-%d] DEBUG o.s.c.g.r.RouteDefinitionRouteLocator -   - RouteDefinition ReactiveCompositeDiscoveryClient_WALLET-SERVICE applying filter {regexp=/wallet-service/?(?<remaining>.*), replacement=/${remaining}} to RewritePath
2026-07-22 06:27:51.502 [DiscoveryClient-CacheRefreshExecutor-%d] DEBUG o.s.c.g.r.RouteDefinitionRouteLocator -   - RouteDefinition matched: ReactiveCompositeDiscoveryClient_WALLET-SERVICE
2026-07-22 06:27:51.502 [DiscoveryClient-CacheRefreshExecutor-%d] DEBUG o.s.c.g.r.RouteDefinitionRouteLocator -   - RouteDefinition auth-service applying {_genkey_0=/api/auth/**} to Path
2026-07-22 06:27:51.502 [DiscoveryClient-CacheRefreshExecutor-%d] DEBUG o.s.c.g.r.RouteDefinitionRouteLocator -   - RouteDefinition matched: auth-service
2026-07-22 06:27:51.503 [DiscoveryClient-CacheRefreshExecutor-%d] DEBUG o.s.c.g.r.RouteDefinitionRouteLocator -   - RouteDefinition wallet-service applying {_genkey_0=/api/wallets/**} to Path
2026-07-22 06:27:51.503 [DiscoveryClient-CacheRefreshExecutor-%d] DEBUG o.s.c.g.r.RouteDefinitionRouteLocator -   - RouteDefinition wallet-service applying filter {name=walletServiceCB, fallbackuri=forward:/fallback/wallets} to CircuitBreaker
2026-07-22 06:27:51.503 [DiscoveryClient-CacheRefreshExecutor-%d] DEBUG o.s.c.g.r.RouteDefinitionRouteLocator -   - RouteDefinition matched: wallet-service
2026-07-22 06:27:51.503 [DiscoveryClient-CacheRefreshExecutor-%d] DEBUG o.s.c.g.r.RouteDefinitionRouteLocator -   - RouteDefinition account-service applying {_genkey_0=/api/accounts/**} to Path
2026-07-22 06:27:51.503 [DiscoveryClient-CacheRefreshExecutor-%d] DEBUG o.s.c.g.r.RouteDefinitionRouteLocator -   - RouteDefinition account-service applying filter {name=accountServiceCB, fallbackuri=forward:/fallback/accounts} to CircuitBreaker
2026-07-22 06:27:51.504 [DiscoveryClient-CacheRefreshExecutor-%d] DEBUG o.s.c.g.r.RouteDefinitionRouteLocator -   - RouteDefinition matched: account-service
2026-07-22 06:27:51.504 [DiscoveryClient-CacheRefreshExecutor-%d] DEBUG o.s.c.g.r.RouteDefinitionRouteLocator -   - RouteDefinition customer-service applying {_genkey_0=/api/customers/**} to Path
2026-07-22 06:27:51.504 [DiscoveryClient-CacheRefreshExecutor-%d] DEBUG o.s.c.g.r.RouteDefinitionRouteLocator -   - RouteDefinition customer-service applying filter {name=customerServiceCB, fallbackuri=forward:/fallback/customers} to CircuitBreaker
2026-07-22 06:27:51.504 [DiscoveryClient-CacheRefreshExecutor-%d] DEBUG o.s.c.g.r.RouteDefinitionRouteLocator -   - RouteDefinition matched: customer-service
2026-07-22 06:27:51.505 [DiscoveryClient-CacheRefreshExecutor-%d] DEBUG o.s.c.g.filter.GatewayMetricsFilter -   - New routes count: 10
2026-07-22 06:34:14.001 [DiscoveryClient-HeartbeatExecutor-%d] DEBUG o.s.web.client.RestTemplate -   - HTTP PUT http://localhost:8761/eureka/apps/API-GATEWAY/10.132.124.77:api-gateway:8080?status=UP&lastDirtyTimestamp=1784681869037
2026-07-22 06:34:14.006 [DiscoveryClient-HeartbeatExecutor-%d] DEBUG o.s.web.client.RestTemplate -   - Accept=[application/json, application/yaml, application/*+json]
2026-07-22 06:34:14.016 [DiscoveryClient-HeartbeatExecutor-%d] DEBUG o.s.web.client.RestTemplate -   - Response 200 OK
2026-07-22 06:51:44.198 [DiscoveryClient-CacheRefreshExecutor-%d] DEBUG o.s.web.client.RestTemplate -   - HTTP GET http://localhost:8761/eureka/apps/delta
2026-07-22 06:51:44.206 [DiscoveryClient-CacheRefreshExecutor-%d] DEBUG o.s.web.client.RestTemplate -   - Accept=[application/json, application/yaml, application/*+json]
2026-07-22 06:51:44.207 [DiscoveryClient-CacheRefreshExecutor-%d] DEBUG o.s.web.client.RestTemplate -   - Response 200 OK
2026-07-22 06:51:44.208 [DiscoveryClient-CacheRefreshExecutor-%d] DEBUG o.s.web.client.RestTemplate -   - Reading to [org.springframework.cloud.netflix.eureka.http.EurekaApplications]
2026-07-22 06:51:44.209 [DiscoveryClient-CacheRefreshExecutor-%d] DEBUG o.s.c.g.r.RouteDefinitionRouteLocator -   - RouteDefinition ReactiveCompositeDiscoveryClient_API-GATEWAY applying {pattern=/api-gateway/**} to Path
2026-07-22 06:51:44.211 [DiscoveryClient-CacheRefreshExecutor-%d] DEBUG o.s.c.g.r.RouteDefinitionRouteLocator -   - RouteDefinition ReactiveCompositeDiscoveryClient_API-GATEWAY applying filter {regexp=/api-gateway/?(?<remaining>.*), replacement=/${remaining}} to RewritePath
2026-07-22 06:51:44.211 [DiscoveryClient-CacheRefreshExecutor-%d] DEBUG o.s.c.g.r.RouteDefinitionRouteLocator -   - RouteDefinition matched: ReactiveCompositeDiscoveryClient_API-GATEWAY
2026-07-22 06:51:44.211 [DiscoveryClient-CacheRefreshExecutor-%d] DEBUG o.s.c.g.r.RouteDefinitionRouteLocator -   - RouteDefinition ReactiveCompositeDiscoveryClient_CUSTOMER-SERVICE applying {pattern=/customer-service/**} to Path
2026-07-22 06:51:44.211 [DiscoveryClient-CacheRefreshExecutor-%d] DEBUG o.s.c.g.r.RouteDefinitionRouteLocator -   - RouteDefinition ReactiveCompositeDiscoveryClient_CUSTOMER-SERVICE applying filter {regexp=/customer-service/?(?<remaining>.*), replacement=/${remaining}} to RewritePath
2026-07-22 06:51:44.211 [DiscoveryClient-CacheRefreshExecutor-%d] DEBUG o.s.c.g.r.RouteDefinitionRouteLocator -   - RouteDefinition matched: ReactiveCompositeDiscoveryClient_CUSTOMER-SERVICE
2026-07-22 06:51:44.211 [DiscoveryClient-CacheRefreshExecutor-%d] DEBUG o.s.c.g.r.RouteDefinitionRouteLocator -   - RouteDefinition ReactiveCompositeDiscoveryClient_ACCOUNT-SERVICE applying {pattern=/account-service/**} to Path
2026-07-22 06:51:44.211 [DiscoveryClient-CacheRefreshExecutor-%d] DEBUG o.s.c.g.r.RouteDefinitionRouteLocator -   - RouteDefinition ReactiveCompositeDiscoveryClient_ACCOUNT-SERVICE applying filter {regexp=/account-service/?(?<remaining>.*), replacement=/${remaining}} to RewritePath
2026-07-22 06:51:44.212 [DiscoveryClient-CacheRefreshExecutor-%d] DEBUG o.s.c.g.r.RouteDefinitionRouteLocator -   - RouteDefinition matched: ReactiveCompositeDiscoveryClient_ACCOUNT-SERVICE
2026-07-22 06:51:44.212 [DiscoveryClient-CacheRefreshExecutor-%d] DEBUG o.s.c.g.r.RouteDefinitionRouteLocator -   - RouteDefinition ReactiveCompositeDiscoveryClient_AUTH-SERVICE applying {pattern=/auth-service/**} to Path
2026-07-22 06:51:44.212 [DiscoveryClient-CacheRefreshExecutor-%d] DEBUG o.s.c.g.r.RouteDefinitionRouteLocator -   - RouteDefinition ReactiveCompositeDiscoveryClient_AUTH-SERVICE applying filter {regexp=/auth-service/?(?<remaining>.*), replacement=/${remaining}} to RewritePath
2026-07-22 06:51:44.212 [DiscoveryClient-CacheRefreshExecutor-%d] DEBUG o.s.c.g.r.RouteDefinitionRouteLocator -   - RouteDefinition matched: ReactiveCompositeDiscoveryClient_AUTH-SERVICE
2026-07-22 06:51:44.212 [DiscoveryClient-CacheRefreshExecutor-%d] DEBUG o.s.c.g.r.RouteDefinitionRouteLocator -   - RouteDefinition ReactiveCompositeDiscoveryClient_CONFIG-SERVER applying {pattern=/config-server/**} to Path
2026-07-22 06:51:44.212 [DiscoveryClient-CacheRefreshExecutor-%d] DEBUG o.s.c.g.r.RouteDefinitionRouteLocator -   - RouteDefinition ReactiveCompositeDiscoveryClient_CONFIG-SERVER applying filter {regexp=/config-server/?(?<remaining>.*), replacement=/${remaining}} to RewritePath
2026-07-22 06:51:44.212 [DiscoveryClient-CacheRefreshExecutor-%d] DEBUG o.s.c.g.r.RouteDefinitionRouteLocator -   - RouteDefinition matched: ReactiveCompositeDiscoveryClient_CONFIG-SERVER
2026-07-22 06:51:44.212 [DiscoveryClient-CacheRefreshExecutor-%d] DEBUG o.s.c.g.r.RouteDefinitionRouteLocator -   - RouteDefinition ReactiveCompositeDiscoveryClient_WALLET-SERVICE applying {pattern=/wallet-service/**} to Path
2026-07-22 06:51:44.212 [DiscoveryClient-CacheRefreshExecutor-%d] DEBUG o.s.c.g.r.RouteDefinitionRouteLocator -   - RouteDefinition ReactiveCompositeDiscoveryClient_WALLET-SERVICE applying filter {regexp=/wallet-service/?(?<remaining>.*), replacement=/${remaining}} to RewritePath
2026-07-22 06:51:44.212 [DiscoveryClient-CacheRefreshExecutor-%d] DEBUG o.s.c.g.r.RouteDefinitionRouteLocator -   - RouteDefinition matched: ReactiveCompositeDiscoveryClient_WALLET-SERVICE
2026-07-22 06:51:44.213 [DiscoveryClient-CacheRefreshExecutor-%d] DEBUG o.s.c.g.r.RouteDefinitionRouteLocator -   - RouteDefinition auth-service applying {_genkey_0=/api/auth/**} to Path
2026-07-22 06:51:44.213 [DiscoveryClient-CacheRefreshExecutor-%d] DEBUG o.s.c.g.r.RouteDefinitionRouteLocator -   - RouteDefinition matched: auth-service
2026-07-22 06:51:44.213 [DiscoveryClient-CacheRefreshExecutor-%d] DEBUG o.s.c.g.r.RouteDefinitionRouteLocator -   - RouteDefinition wallet-service applying {_genkey_0=/api/wallets/**} to Path
2026-07-22 06:51:44.213 [DiscoveryClient-CacheRefreshExecutor-%d] DEBUG o.s.c.g.r.RouteDefinitionRouteLocator -   - RouteDefinition wallet-service applying filter {name=walletServiceCB, fallbackuri=forward:/fallback/wallets} to CircuitBreaker
2026-07-22 06:51:44.214 [DiscoveryClient-CacheRefreshExecutor-%d] DEBUG o.s.c.g.r.RouteDefinitionRouteLocator -   - RouteDefinition matched: wallet-service
2026-07-22 06:51:44.214 [DiscoveryClient-CacheRefreshExecutor-%d] DEBUG o.s.c.g.r.RouteDefinitionRouteLocator -   - RouteDefinition account-service applying {_genkey_0=/api/accounts/**} to Path
2026-07-22 06:51:44.214 [DiscoveryClient-CacheRefreshExecutor-%d] DEBUG o.s.c.g.r.RouteDefinitionRouteLocator -   - RouteDefinition account-service applying filter {name=accountServiceCB, fallbackuri=forward:/fallback/accounts} to CircuitBreaker
2026-07-22 06:51:44.214 [DiscoveryClient-CacheRefreshExecutor-%d] DEBUG o.s.c.g.r.RouteDefinitionRouteLocator -   - RouteDefinition matched: account-service
2026-07-22 06:51:44.214 [DiscoveryClient-CacheRefreshExecutor-%d] DEBUG o.s.c.g.r.RouteDefinitionRouteLocator -   - RouteDefinition customer-service applying {_genkey_0=/api/customers/**} to Path
2026-07-22 06:51:44.215 [DiscoveryClient-CacheRefreshExecutor-%d] DEBUG o.s.c.g.r.RouteDefinitionRouteLocator -   - RouteDefinition customer-service applying filter {name=customerServiceCB, fallbackuri=forward:/fallback/customers} to CircuitBreaker
2026-07-22 06:51:44.215 [DiscoveryClient-CacheRefreshExecutor-%d] DEBUG o.s.c.g.r.RouteDefinitionRouteLocator -   - RouteDefinition matched: customer-service
2026-07-22 06:51:44.216 [DiscoveryClient-CacheRefreshExecutor-%d] DEBUG o.s.c.g.filter.GatewayMetricsFilter -   - New routes count: 10
2026-07-22 07:07:06.040 [AsyncResolver-bootstrap-executor-%d] INFO  c.n.d.s.r.aws.ConfigClusterResolver -   - Resolving eureka endpoints via configuration
2026-07-22 07:24:09.077 [DiscoveryClient-HeartbeatExecutor-%d] DEBUG o.s.web.client.RestTemplate -   - HTTP PUT http://localhost:8761/eureka/apps/API-GATEWAY/10.132.124.77:api-gateway:8080?status=UP&lastDirtyTimestamp=1784681869037
2026-07-22 07:24:09.081 [DiscoveryClient-HeartbeatExecutor-%d] DEBUG o.s.web.client.RestTemplate -   - Accept=[application/json, application/yaml, application/*+json]
2026-07-22 07:24:09.083 [DiscoveryClient-HeartbeatExecutor-%d] DEBUG o.s.web.client.RestTemplate -   - Response 404 NOT_FOUND
2026-07-22 07:24:09.083 [DiscoveryClient-HeartbeatExecutor-%d] INFO  c.netflix.discovery.DiscoveryClient -   - DiscoveryClient_API-GATEWAY/10.132.124.77:api-gateway:8080 - Re-registering apps/API-GATEWAY
2026-07-22 07:24:09.083 [DiscoveryClient-HeartbeatExecutor-%d] INFO  c.netflix.discovery.DiscoveryClient -   - DiscoveryClient_API-GATEWAY/10.132.124.77:api-gateway:8080: registering service...
2026-07-22 07:24:09.083 [DiscoveryClient-HeartbeatExecutor-%d] DEBUG o.s.web.client.RestTemplate -   - HTTP POST http://localhost:8761/eureka/apps/API-GATEWAY
2026-07-22 07:24:09.084 [DiscoveryClient-HeartbeatExecutor-%d] DEBUG o.s.web.client.RestTemplate -   - Accept=[application/json, application/yaml, application/*+json]
2026-07-22 07:24:09.084 [DiscoveryClient-HeartbeatExecutor-%d] DEBUG o.s.web.client.RestTemplate -   - Writing [InstanceInfo [instanceId = 10.132.124.77:api-gateway:8080, appName = API-GATEWAY, hostName = 10.132.124.77, status = UP, ipAddr = 10.132.124.77, port = 8080, securePort = 443, dataCenterInfo = com.netflix.appinfo.MyDataCenterInfo@4cf9330f] as "application/json"
2026-07-22 07:24:09.087 [DiscoveryClient-HeartbeatExecutor-%d] DEBUG o.s.web.client.RestTemplate -   - Response 204 NO_CONTENT
2026-07-22 07:24:09.087 [DiscoveryClient-HeartbeatExecutor-%d] INFO  c.netflix.discovery.DiscoveryClient -   - DiscoveryClient_API-GATEWAY/10.132.124.77:api-gateway:8080 - registration status: 204
2026-07-22 07:24:11.540 [DiscoveryClient-CacheRefreshExecutor-%d] DEBUG o.s.web.client.RestTemplate -   - HTTP GET http://localhost:8761/eureka/apps/delta
2026-07-22 07:24:11.544 [DiscoveryClient-CacheRefreshExecutor-%d] DEBUG o.s.web.client.RestTemplate -   - Accept=[application/json, application/yaml, application/*+json]
2026-07-22 07:24:11.546 [DiscoveryClient-CacheRefreshExecutor-%d] DEBUG o.s.web.client.RestTemplate -   - Response 200 OK
2026-07-22 07:24:11.546 [DiscoveryClient-CacheRefreshExecutor-%d] DEBUG o.s.web.client.RestTemplate -   - Reading to [org.springframework.cloud.netflix.eureka.http.EurekaApplications]
2026-07-22 07:24:11.547 [DiscoveryClient-CacheRefreshExecutor-%d] DEBUG o.s.c.g.r.RouteDefinitionRouteLocator -   - RouteDefinition ReactiveCompositeDiscoveryClient_CUSTOMER-SERVICE applying {pattern=/customer-service/**} to Path
2026-07-22 07:24:11.548 [DiscoveryClient-CacheRefreshExecutor-%d] DEBUG o.s.c.g.r.RouteDefinitionRouteLocator -   - RouteDefinition ReactiveCompositeDiscoveryClient_CUSTOMER-SERVICE applying filter {regexp=/customer-service/?(?<remaining>.*), replacement=/${remaining}} to RewritePath
2026-07-22 07:24:11.548 [DiscoveryClient-CacheRefreshExecutor-%d] DEBUG o.s.c.g.r.RouteDefinitionRouteLocator -   - RouteDefinition matched: ReactiveCompositeDiscoveryClient_CUSTOMER-SERVICE
2026-07-22 07:24:11.548 [DiscoveryClient-CacheRefreshExecutor-%d] DEBUG o.s.c.g.r.RouteDefinitionRouteLocator -   - RouteDefinition ReactiveCompositeDiscoveryClient_WALLET-SERVICE applying {pattern=/wallet-service/**} to Path
2026-07-22 07:24:11.548 [DiscoveryClient-CacheRefreshExecutor-%d] DEBUG o.s.c.g.r.RouteDefinitionRouteLocator -   - RouteDefinition ReactiveCompositeDiscoveryClient_WALLET-SERVICE applying filter {regexp=/wallet-service/?(?<remaining>.*), replacement=/${remaining}} to RewritePath
2026-07-22 07:24:11.548 [DiscoveryClient-CacheRefreshExecutor-%d] DEBUG o.s.c.g.r.RouteDefinitionRouteLocator -   - RouteDefinition matched: ReactiveCompositeDiscoveryClient_WALLET-SERVICE
2026-07-22 07:24:11.548 [DiscoveryClient-CacheRefreshExecutor-%d] DEBUG o.s.c.g.r.RouteDefinitionRouteLocator -   - RouteDefinition auth-service applying {_genkey_0=/api/auth/**} to Path
2026-07-22 07:24:11.548 [DiscoveryClient-CacheRefreshExecutor-%d] DEBUG o.s.c.g.r.RouteDefinitionRouteLocator -   - RouteDefinition matched: auth-service
2026-07-22 07:24:11.548 [DiscoveryClient-CacheRefreshExecutor-%d] DEBUG o.s.c.g.r.RouteDefinitionRouteLocator -   - RouteDefinition wallet-service applying {_genkey_0=/api/wallets/**} to Path
2026-07-22 07:24:11.549 [DiscoveryClient-CacheRefreshExecutor-%d] DEBUG o.s.c.g.r.RouteDefinitionRouteLocator -   - RouteDefinition wallet-service applying filter {name=walletServiceCB, fallbackuri=forward:/fallback/wallets} to CircuitBreaker
2026-07-22 07:24:11.549 [DiscoveryClient-CacheRefreshExecutor-%d] DEBUG o.s.c.g.r.RouteDefinitionRouteLocator -   - RouteDefinition matched: wallet-service
2026-07-22 07:24:11.549 [DiscoveryClient-CacheRefreshExecutor-%d] DEBUG o.s.c.g.r.RouteDefinitionRouteLocator -   - RouteDefinition account-service applying {_genkey_0=/api/accounts/**} to Path
2026-07-22 07:24:11.549 [DiscoveryClient-CacheRefreshExecutor-%d] DEBUG o.s.c.g.r.RouteDefinitionRouteLocator -   - RouteDefinition account-service applying filter {name=accountServiceCB, fallbackuri=forward:/fallback/accounts} to CircuitBreaker
2026-07-22 07:24:11.549 [DiscoveryClient-CacheRefreshExecutor-%d] DEBUG o.s.c.g.r.RouteDefinitionRouteLocator -   - RouteDefinition matched: account-service
2026-07-22 07:24:11.549 [DiscoveryClient-CacheRefreshExecutor-%d] DEBUG o.s.c.g.r.RouteDefinitionRouteLocator -   - RouteDefinition customer-service applying {_genkey_0=/api/customers/**} to Path
2026-07-22 07:24:11.549 [DiscoveryClient-CacheRefreshExecutor-%d] DEBUG o.s.c.g.r.RouteDefinitionRouteLocator -   - RouteDefinition customer-service applying filter {name=customerServiceCB, fallbackuri=forward:/fallback/customers} to CircuitBreaker
2026-07-22 07:24:11.549 [DiscoveryClient-CacheRefreshExecutor-%d] DEBUG o.s.c.g.r.RouteDefinitionRouteLocator -   - RouteDefinition matched: customer-service
2026-07-22 07:24:11.549 [DiscoveryClient-CacheRefreshExecutor-%d] DEBUG o.s.c.g.filter.GatewayMetricsFilter -   - New routes count: 6
2026-07-22 07:44:13.504 [DiscoveryClient-HeartbeatExecutor-%d] DEBUG o.s.web.client.RestTemplate -   - HTTP PUT http://localhost:8761/eureka/apps/API-GATEWAY/10.132.124.77:api-gateway:8080?status=UP&lastDirtyTimestamp=1784685249083
2026-07-22 07:44:13.507 [DiscoveryClient-HeartbeatExecutor-%d] DEBUG o.s.web.client.RestTemplate -   - Accept=[application/json, application/yaml, application/*+json]
2026-07-22 07:44:13.509 [DiscoveryClient-HeartbeatExecutor-%d] DEBUG o.s.web.client.RestTemplate -   - Response 404 NOT_FOUND
2026-07-22 07:44:13.509 [DiscoveryClient-HeartbeatExecutor-%d] INFO  c.netflix.discovery.DiscoveryClient -   - DiscoveryClient_API-GATEWAY/10.132.124.77:api-gateway:8080 - Re-registering apps/API-GATEWAY
2026-07-22 07:44:13.509 [DiscoveryClient-HeartbeatExecutor-%d] INFO  c.netflix.discovery.DiscoveryClient -   - DiscoveryClient_API-GATEWAY/10.132.124.77:api-gateway:8080: registering service...
2026-07-22 07:44:13.509 [DiscoveryClient-HeartbeatExecutor-%d] DEBUG o.s.web.client.RestTemplate -   - HTTP POST http://localhost:8761/eureka/apps/API-GATEWAY
2026-07-22 07:44:13.509 [DiscoveryClient-HeartbeatExecutor-%d] DEBUG o.s.web.client.RestTemplate -   - Accept=[application/json, application/yaml, application/*+json]
2026-07-22 07:44:13.510 [DiscoveryClient-HeartbeatExecutor-%d] DEBUG o.s.web.client.RestTemplate -   - Writing [InstanceInfo [instanceId = 10.132.124.77:api-gateway:8080, appName = API-GATEWAY, hostName = 10.132.124.77, status = UP, ipAddr = 10.132.124.77, port = 8080, securePort = 443, dataCenterInfo = com.netflix.appinfo.MyDataCenterInfo@4cf9330f] as "application/json"
2026-07-22 07:44:13.511 [DiscoveryClient-HeartbeatExecutor-%d] DEBUG o.s.web.client.RestTemplate -   - Response 204 NO_CONTENT
2026-07-22 07:44:13.511 [DiscoveryClient-HeartbeatExecutor-%d] INFO  c.netflix.discovery.DiscoveryClient -   - DiscoveryClient_API-GATEWAY/10.132.124.77:api-gateway:8080 - registration status: 204
2026-07-22 07:44:15.965 [DiscoveryClient-CacheRefreshExecutor-%d] DEBUG o.s.web.client.RestTemplate -   - HTTP GET http://localhost:8761/eureka/apps/delta
2026-07-22 07:44:15.965 [DiscoveryClient-CacheRefreshExecutor-%d] DEBUG o.s.web.client.RestTemplate -   - Accept=[application/json, application/yaml, application/*+json]
2026-07-22 07:44:15.967 [DiscoveryClient-CacheRefreshExecutor-%d] DEBUG o.s.web.client.RestTemplate -   - Response 200 OK
2026-07-22 07:44:15.968 [DiscoveryClient-CacheRefreshExecutor-%d] DEBUG o.s.web.client.RestTemplate -   - Reading to [org.springframework.cloud.netflix.eureka.http.EurekaApplications]
2026-07-22 07:44:15.969 [DiscoveryClient-CacheRefreshExecutor-%d] DEBUG o.s.c.g.r.RouteDefinitionRouteLocator -   - RouteDefinition ReactiveCompositeDiscoveryClient_CUSTOMER-SERVICE applying {pattern=/customer-service/**} to Path
2026-07-22 07:44:15.970 [DiscoveryClient-CacheRefreshExecutor-%d] DEBUG o.s.c.g.r.RouteDefinitionRouteLocator -   - RouteDefinition ReactiveCompositeDiscoveryClient_CUSTOMER-SERVICE applying filter {regexp=/customer-service/?(?<remaining>.*), replacement=/${remaining}} to RewritePath
2026-07-22 07:44:15.970 [DiscoveryClient-CacheRefreshExecutor-%d] DEBUG o.s.c.g.r.RouteDefinitionRouteLocator -   - RouteDefinition matched: ReactiveCompositeDiscoveryClient_CUSTOMER-SERVICE
2026-07-22 07:44:15.970 [DiscoveryClient-CacheRefreshExecutor-%d] DEBUG o.s.c.g.r.RouteDefinitionRouteLocator -   - RouteDefinition ReactiveCompositeDiscoveryClient_ACCOUNT-SERVICE applying {pattern=/account-service/**} to Path
2026-07-22 07:44:15.970 [DiscoveryClient-CacheRefreshExecutor-%d] DEBUG o.s.c.g.r.RouteDefinitionRouteLocator -   - RouteDefinition ReactiveCompositeDiscoveryClient_ACCOUNT-SERVICE applying filter {regexp=/account-service/?(?<remaining>.*), replacement=/${remaining}} to RewritePath
2026-07-22 07:44:15.970 [DiscoveryClient-CacheRefreshExecutor-%d] DEBUG o.s.c.g.r.RouteDefinitionRouteLocator -   - RouteDefinition matched: ReactiveCompositeDiscoveryClient_ACCOUNT-SERVICE
2026-07-22 07:44:15.970 [DiscoveryClient-CacheRefreshExecutor-%d] DEBUG o.s.c.g.r.RouteDefinitionRouteLocator -   - RouteDefinition ReactiveCompositeDiscoveryClient_WALLET-SERVICE applying {pattern=/wallet-service/**} to Path
2026-07-22 07:44:15.970 [DiscoveryClient-CacheRefreshExecutor-%d] DEBUG o.s.c.g.r.RouteDefinitionRouteLocator -   - RouteDefinition ReactiveCompositeDiscoveryClient_WALLET-SERVICE applying filter {regexp=/wallet-service/?(?<remaining>.*), replacement=/${remaining}} to RewritePath
2026-07-22 07:44:15.971 [DiscoveryClient-CacheRefreshExecutor-%d] DEBUG o.s.c.g.r.RouteDefinitionRouteLocator -   - RouteDefinition matched: ReactiveCompositeDiscoveryClient_WALLET-SERVICE
2026-07-22 07:44:15.971 [DiscoveryClient-CacheRefreshExecutor-%d] DEBUG o.s.c.g.r.RouteDefinitionRouteLocator -   - RouteDefinition auth-service applying {_genkey_0=/api/auth/**} to Path
2026-07-22 07:44:15.971 [DiscoveryClient-CacheRefreshExecutor-%d] DEBUG o.s.c.g.r.RouteDefinitionRouteLocator -   - RouteDefinition matched: auth-service
2026-07-22 07:44:15.971 [DiscoveryClient-CacheRefreshExecutor-%d] DEBUG o.s.c.g.r.RouteDefinitionRouteLocator -   - RouteDefinition wallet-service applying {_genkey_0=/api/wallets/**} to Path
2026-07-22 07:44:15.971 [DiscoveryClient-CacheRefreshExecutor-%d] DEBUG o.s.c.g.r.RouteDefinitionRouteLocator -   - RouteDefinition wallet-service applying filter {name=walletServiceCB, fallbackuri=forward:/fallback/wallets} to CircuitBreaker
2026-07-22 07:44:15.971 [DiscoveryClient-CacheRefreshExecutor-%d] DEBUG o.s.c.g.r.RouteDefinitionRouteLocator -   - RouteDefinition matched: wallet-service
2026-07-22 07:44:15.971 [DiscoveryClient-CacheRefreshExecutor-%d] DEBUG o.s.c.g.r.RouteDefinitionRouteLocator -   - RouteDefinition account-service applying {_genkey_0=/api/accounts/**} to Path
2026-07-22 07:44:15.972 [DiscoveryClient-CacheRefreshExecutor-%d] DEBUG o.s.c.g.r.RouteDefinitionRouteLocator -   - RouteDefinition account-service applying filter {name=accountServiceCB, fallbackuri=forward:/fallback/accounts} to CircuitBreaker
2026-07-22 07:44:15.972 [DiscoveryClient-CacheRefreshExecutor-%d] DEBUG o.s.c.g.r.RouteDefinitionRouteLocator -   - RouteDefinition matched: account-service
2026-07-22 07:44:15.972 [DiscoveryClient-CacheRefreshExecutor-%d] DEBUG o.s.c.g.r.RouteDefinitionRouteLocator -   - RouteDefinition customer-service applying {_genkey_0=/api/customers/**} to Path
2026-07-22 07:44:15.973 [DiscoveryClient-CacheRefreshExecutor-%d] DEBUG o.s.c.g.r.RouteDefinitionRouteLocator -   - RouteDefinition customer-service applying filter {name=customerServiceCB, fallbackuri=forward:/fallback/customers} to CircuitBreaker
2026-07-22 07:44:15.973 [DiscoveryClient-CacheRefreshExecutor-%d] DEBUG o.s.c.g.r.RouteDefinitionRouteLocator -   - RouteDefinition matched: customer-service
2026-07-22 07:44:15.973 [DiscoveryClient-CacheRefreshExecutor-%d] DEBUG o.s.c.g.filter.GatewayMetricsFilter -   - New routes count: 7
2026-07-22 08:19:10.105 [DiscoveryClient-HeartbeatExecutor-%d] DEBUG o.s.web.client.RestTemplate -   - HTTP PUT http://localhost:8761/eureka/apps/API-GATEWAY/10.132.124.77:api-gateway:8080?status=UP&lastDirtyTimestamp=1784686453509
2026-07-22 08:19:10.109 [DiscoveryClient-HeartbeatExecutor-%d] DEBUG o.s.web.client.RestTemplate -   - Accept=[application/json, application/yaml, application/*+json]
2026-07-22 08:19:10.111 [DiscoveryClient-HeartbeatExecutor-%d] DEBUG o.s.web.client.RestTemplate -   - Response 200 OK
2026-07-22 08:19:12.561 [DiscoveryClient-CacheRefreshExecutor-%d] DEBUG o.s.web.client.RestTemplate -   - HTTP GET http://localhost:8761/eureka/apps/delta
2026-07-22 08:19:12.566 [DiscoveryClient-CacheRefreshExecutor-%d] DEBUG o.s.web.client.RestTemplate -   - Accept=[application/json, application/yaml, application/*+json]
2026-07-22 08:19:12.568 [DiscoveryClient-CacheRefreshExecutor-%d] DEBUG o.s.web.client.RestTemplate -   - Response 200 OK
2026-07-22 08:19:12.568 [DiscoveryClient-CacheRefreshExecutor-%d] DEBUG o.s.web.client.RestTemplate -   - Reading to [org.springframework.cloud.netflix.eureka.http.EurekaApplications]
2026-07-22 08:19:12.570 [DiscoveryClient-CacheRefreshExecutor-%d] DEBUG o.s.c.g.r.RouteDefinitionRouteLocator -   - RouteDefinition ReactiveCompositeDiscoveryClient_API-GATEWAY applying {pattern=/api-gateway/**} to Path
2026-07-22 08:19:12.572 [DiscoveryClient-CacheRefreshExecutor-%d] DEBUG o.s.c.g.r.RouteDefinitionRouteLocator -   - RouteDefinition ReactiveCompositeDiscoveryClient_API-GATEWAY applying filter {regexp=/api-gateway/?(?<remaining>.*), replacement=/${remaining}} to RewritePath
2026-07-22 08:19:12.573 [DiscoveryClient-CacheRefreshExecutor-%d] DEBUG o.s.c.g.r.RouteDefinitionRouteLocator -   - RouteDefinition matched: ReactiveCompositeDiscoveryClient_API-GATEWAY
2026-07-22 08:19:12.573 [DiscoveryClient-CacheRefreshExecutor-%d] DEBUG o.s.c.g.r.RouteDefinitionRouteLocator -   - RouteDefinition ReactiveCompositeDiscoveryClient_ACCOUNT-SERVICE applying {pattern=/account-service/**} to Path
2026-07-22 08:19:12.573 [DiscoveryClient-CacheRefreshExecutor-%d] DEBUG o.s.c.g.r.RouteDefinitionRouteLocator -   - RouteDefinition ReactiveCompositeDiscoveryClient_ACCOUNT-SERVICE applying filter {regexp=/account-service/?(?<remaining>.*), replacement=/${remaining}} to RewritePath
2026-07-22 08:19:12.573 [DiscoveryClient-CacheRefreshExecutor-%d] DEBUG o.s.c.g.r.RouteDefinitionRouteLocator -   - RouteDefinition matched: ReactiveCompositeDiscoveryClient_ACCOUNT-SERVICE
2026-07-22 08:19:12.573 [DiscoveryClient-CacheRefreshExecutor-%d] DEBUG o.s.c.g.r.RouteDefinitionRouteLocator -   - RouteDefinition ReactiveCompositeDiscoveryClient_WALLET-SERVICE applying {pattern=/wallet-service/**} to Path
2026-07-22 08:19:12.574 [DiscoveryClient-CacheRefreshExecutor-%d] DEBUG o.s.c.g.r.RouteDefinitionRouteLocator -   - RouteDefinition ReactiveCompositeDiscoveryClient_WALLET-SERVICE applying filter {regexp=/wallet-service/?(?<remaining>.*), replacement=/${remaining}} to RewritePath
2026-07-22 08:19:12.574 [DiscoveryClient-CacheRefreshExecutor-%d] DEBUG o.s.c.g.r.RouteDefinitionRouteLocator -   - RouteDefinition matched: ReactiveCompositeDiscoveryClient_WALLET-SERVICE
2026-07-22 08:19:12.574 [DiscoveryClient-CacheRefreshExecutor-%d] DEBUG o.s.c.g.r.RouteDefinitionRouteLocator -   - RouteDefinition auth-service applying {_genkey_0=/api/auth/**} to Path
2026-07-22 08:19:12.574 [DiscoveryClient-CacheRefreshExecutor-%d] DEBUG o.s.c.g.r.RouteDefinitionRouteLocator -   - RouteDefinition matched: auth-service
2026-07-22 08:19:12.574 [DiscoveryClient-CacheRefreshExecutor-%d] DEBUG o.s.c.g.r.RouteDefinitionRouteLocator -   - RouteDefinition wallet-service applying {_genkey_0=/api/wallets/**} to Path
2026-07-22 08:19:12.574 [DiscoveryClient-CacheRefreshExecutor-%d] DEBUG o.s.c.g.r.RouteDefinitionRouteLocator -   - RouteDefinition wallet-service applying filter {name=walletServiceCB, fallbackuri=forward:/fallback/wallets} to CircuitBreaker
2026-07-22 08:19:12.575 [DiscoveryClient-CacheRefreshExecutor-%d] DEBUG o.s.c.g.r.RouteDefinitionRouteLocator -   - RouteDefinition matched: wallet-service
2026-07-22 08:19:12.575 [DiscoveryClient-CacheRefreshExecutor-%d] DEBUG o.s.c.g.r.RouteDefinitionRouteLocator -   - RouteDefinition account-service applying {_genkey_0=/api/accounts/**} to Path
2026-07-22 08:19:12.575 [DiscoveryClient-CacheRefreshExecutor-%d] DEBUG o.s.c.g.r.RouteDefinitionRouteLocator -   - RouteDefinition account-service applying filter {name=accountServiceCB, fallbackuri=forward:/fallback/accounts} to CircuitBreaker
2026-07-22 08:19:12.576 [DiscoveryClient-CacheRefreshExecutor-%d] DEBUG o.s.c.g.r.RouteDefinitionRouteLocator -   - RouteDefinition matched: account-service
2026-07-22 08:19:12.576 [DiscoveryClient-CacheRefreshExecutor-%d] DEBUG o.s.c.g.r.RouteDefinitionRouteLocator -   - RouteDefinition customer-service applying {_genkey_0=/api/customers/**} to Path
2026-07-22 08:19:12.576 [DiscoveryClient-CacheRefreshExecutor-%d] DEBUG o.s.c.g.r.RouteDefinitionRouteLocator -   - RouteDefinition customer-service applying filter {name=customerServiceCB, fallbackuri=forward:/fallback/customers} to CircuitBreaker
2026-07-22 08:19:12.576 [DiscoveryClient-CacheRefreshExecutor-%d] DEBUG o.s.c.g.r.RouteDefinitionRouteLocator -   - RouteDefinition matched: customer-service
2026-07-22 08:19:12.577 [DiscoveryClient-CacheRefreshExecutor-%d] DEBUG o.s.c.g.filter.GatewayMetricsFilter -   - New routes count: 7
2026-07-22 08:29:41.396 [DiscoveryClient-HeartbeatExecutor-%d] DEBUG o.s.web.client.RestTemplate -   - HTTP PUT http://localhost:8761/eureka/apps/API-GATEWAY/10.132.124.77:api-gateway:8080?status=UP&lastDirtyTimestamp=1784686453509
2026-07-22 08:29:41.397 [DiscoveryClient-HeartbeatExecutor-%d] DEBUG o.s.web.client.RestTemplate -   - Accept=[application/json, application/yaml, application/*+json]
2026-07-22 08:29:41.399 [DiscoveryClient-HeartbeatExecutor-%d] DEBUG o.s.web.client.RestTemplate -   - Response 200 OK
2026-07-22 08:29:43.856 [DiscoveryClient-CacheRefreshExecutor-%d] DEBUG o.s.web.client.RestTemplate -   - HTTP GET http://localhost:8761/eureka/apps/delta
2026-07-22 08:29:43.862 [DiscoveryClient-CacheRefreshExecutor-%d] DEBUG o.s.web.client.RestTemplate -   - Accept=[application/json, application/yaml, application/*+json]
2026-07-22 08:29:43.864 [DiscoveryClient-CacheRefreshExecutor-%d] DEBUG o.s.web.client.RestTemplate -   - Response 200 OK
2026-07-22 08:29:43.864 [DiscoveryClient-CacheRefreshExecutor-%d] DEBUG o.s.web.client.RestTemplate -   - Reading to [org.springframework.cloud.netflix.eureka.http.EurekaApplications]
2026-07-22 08:29:43.865 [DiscoveryClient-CacheRefreshExecutor-%d] DEBUG o.s.c.g.r.RouteDefinitionRouteLocator -   - RouteDefinition ReactiveCompositeDiscoveryClient_API-GATEWAY applying {pattern=/api-gateway/**} to Path
2026-07-22 08:29:43.866 [DiscoveryClient-CacheRefreshExecutor-%d] DEBUG o.s.c.g.r.RouteDefinitionRouteLocator -   - RouteDefinition ReactiveCompositeDiscoveryClient_API-GATEWAY applying filter {regexp=/api-gateway/?(?<remaining>.*), replacement=/${remaining}} to RewritePath
2026-07-22 08:29:43.866 [DiscoveryClient-CacheRefreshExecutor-%d] DEBUG o.s.c.g.r.RouteDefinitionRouteLocator -   - RouteDefinition matched: ReactiveCompositeDiscoveryClient_API-GATEWAY
2026-07-22 08:29:43.866 [DiscoveryClient-CacheRefreshExecutor-%d] DEBUG o.s.c.g.r.RouteDefinitionRouteLocator -   - RouteDefinition ReactiveCompositeDiscoveryClient_ACCOUNT-SERVICE applying {pattern=/account-service/**} to Path
2026-07-22 08:29:43.867 [DiscoveryClient-CacheRefreshExecutor-%d] DEBUG o.s.c.g.r.RouteDefinitionRouteLocator -   - RouteDefinition ReactiveCompositeDiscoveryClient_ACCOUNT-SERVICE applying filter {regexp=/account-service/?(?<remaining>.*), replacement=/${remaining}} to RewritePath
2026-07-22 08:29:43.867 [DiscoveryClient-CacheRefreshExecutor-%d] DEBUG o.s.c.g.r.RouteDefinitionRouteLocator -   - RouteDefinition matched: ReactiveCompositeDiscoveryClient_ACCOUNT-SERVICE
2026-07-22 08:29:43.867 [DiscoveryClient-CacheRefreshExecutor-%d] DEBUG o.s.c.g.r.RouteDefinitionRouteLocator -   - RouteDefinition ReactiveCompositeDiscoveryClient_WALLET-SERVICE applying {pattern=/wallet-service/**} to Path
2026-07-22 08:29:43.867 [DiscoveryClient-CacheRefreshExecutor-%d] DEBUG o.s.c.g.r.RouteDefinitionRouteLocator -   - RouteDefinition ReactiveCompositeDiscoveryClient_WALLET-SERVICE applying filter {regexp=/wallet-service/?(?<remaining>.*), replacement=/${remaining}} to RewritePath
2026-07-22 08:29:43.867 [DiscoveryClient-CacheRefreshExecutor-%d] DEBUG o.s.c.g.r.RouteDefinitionRouteLocator -   - RouteDefinition matched: ReactiveCompositeDiscoveryClient_WALLET-SERVICE
2026-07-22 08:29:43.867 [DiscoveryClient-CacheRefreshExecutor-%d] DEBUG o.s.c.g.r.RouteDefinitionRouteLocator -   - RouteDefinition auth-service applying {_genkey_0=/api/auth/**} to Path
2026-07-22 08:29:43.868 [DiscoveryClient-CacheRefreshExecutor-%d] DEBUG o.s.c.g.r.RouteDefinitionRouteLocator -   - RouteDefinition matched: auth-service
2026-07-22 08:29:43.868 [DiscoveryClient-CacheRefreshExecutor-%d] DEBUG o.s.c.g.r.RouteDefinitionRouteLocator -   - RouteDefinition wallet-service applying {_genkey_0=/api/wallets/**} to Path
2026-07-22 08:29:43.868 [DiscoveryClient-CacheRefreshExecutor-%d] DEBUG o.s.c.g.r.RouteDefinitionRouteLocator -   - RouteDefinition wallet-service applying filter {name=walletServiceCB, fallbackuri=forward:/fallback/wallets} to CircuitBreaker
2026-07-22 08:29:43.869 [DiscoveryClient-CacheRefreshExecutor-%d] DEBUG o.s.c.g.r.RouteDefinitionRouteLocator -   - RouteDefinition matched: wallet-service
2026-07-22 08:29:43.869 [DiscoveryClient-CacheRefreshExecutor-%d] DEBUG o.s.c.g.r.RouteDefinitionRouteLocator -   - RouteDefinition account-service applying {_genkey_0=/api/accounts/**} to Path
2026-07-22 08:29:43.869 [DiscoveryClient-CacheRefreshExecutor-%d] DEBUG o.s.c.g.r.RouteDefinitionRouteLocator -   - RouteDefinition account-service applying filter {name=accountServiceCB, fallbackuri=forward:/fallback/accounts} to CircuitBreaker
2026-07-22 08:29:43.869 [DiscoveryClient-CacheRefreshExecutor-%d] DEBUG o.s.c.g.r.RouteDefinitionRouteLocator -   - RouteDefinition matched: account-service
2026-07-22 08:29:43.869 [DiscoveryClient-CacheRefreshExecutor-%d] DEBUG o.s.c.g.r.RouteDefinitionRouteLocator -   - RouteDefinition customer-service applying {_genkey_0=/api/customers/**} to Path
2026-07-22 08:29:43.870 [DiscoveryClient-CacheRefreshExecutor-%d] DEBUG o.s.c.g.r.RouteDefinitionRouteLocator -   - RouteDefinition customer-service applying filter {name=customerServiceCB, fallbackuri=forward:/fallback/customers} to CircuitBreaker
2026-07-22 08:29:43.870 [DiscoveryClient-CacheRefreshExecutor-%d] DEBUG o.s.c.g.r.RouteDefinitionRouteLocator -   - RouteDefinition matched: customer-service
2026-07-22 08:29:43.870 [DiscoveryClient-CacheRefreshExecutor-%d] DEBUG o.s.c.g.filter.GatewayMetricsFilter -   - New routes count: 7
2026-07-22 09:19:24.583 [DiscoveryClient-HeartbeatExecutor-%d] DEBUG o.s.web.client.RestTemplate -   - HTTP PUT http://localhost:8761/eureka/apps/API-GATEWAY/10.132.124.77:api-gateway:8080?status=UP&lastDirtyTimestamp=1784686453509
2026-07-22 09:19:24.587 [DiscoveryClient-HeartbeatExecutor-%d] DEBUG o.s.web.client.RestTemplate -   - Accept=[application/json, application/yaml, application/*+json]
2026-07-22 09:19:24.593 [DiscoveryClient-HeartbeatExecutor-%d] DEBUG o.s.web.client.RestTemplate -   - Response 404 NOT_FOUND
2026-07-22 09:19:24.593 [DiscoveryClient-HeartbeatExecutor-%d] INFO  c.netflix.discovery.DiscoveryClient -   - DiscoveryClient_API-GATEWAY/10.132.124.77:api-gateway:8080 - Re-registering apps/API-GATEWAY
2026-07-22 09:19:24.593 [DiscoveryClient-HeartbeatExecutor-%d] INFO  c.netflix.discovery.DiscoveryClient -   - DiscoveryClient_API-GATEWAY/10.132.124.77:api-gateway:8080: registering service...
2026-07-22 09:19:24.593 [DiscoveryClient-HeartbeatExecutor-%d] DEBUG o.s.web.client.RestTemplate -   - HTTP POST http://localhost:8761/eureka/apps/API-GATEWAY
2026-07-22 09:19:24.593 [DiscoveryClient-HeartbeatExecutor-%d] DEBUG o.s.web.client.RestTemplate -   - Accept=[application/json, application/yaml, application/*+json]
2026-07-22 09:19:24.594 [DiscoveryClient-HeartbeatExecutor-%d] DEBUG o.s.web.client.RestTemplate -   - Writing [InstanceInfo [instanceId = 10.132.124.77:api-gateway:8080, appName = API-GATEWAY, hostName = 10.132.124.77, status = UP, ipAddr = 10.132.124.77, port = 8080, securePort = 443, dataCenterInfo = com.netflix.appinfo.MyDataCenterInfo@4cf9330f] as "application/json"
2026-07-22 09:19:24.596 [DiscoveryClient-HeartbeatExecutor-%d] DEBUG o.s.web.client.RestTemplate -   - Response 204 NO_CONTENT
2026-07-22 09:19:24.596 [DiscoveryClient-HeartbeatExecutor-%d] INFO  c.netflix.discovery.DiscoveryClient -   - DiscoveryClient_API-GATEWAY/10.132.124.77:api-gateway:8080 - registration status: 204
2026-07-22 09:19:27.059 [DiscoveryClient-CacheRefreshExecutor-%d] DEBUG o.s.web.client.RestTemplate -   - HTTP GET http://localhost:8761/eureka/apps/delta
2026-07-22 09:19:27.064 [DiscoveryClient-CacheRefreshExecutor-%d] DEBUG o.s.web.client.RestTemplate -   - Accept=[application/json, application/yaml, application/*+json]
2026-07-22 09:19:27.065 [DiscoveryClient-CacheRefreshExecutor-%d] DEBUG o.s.web.client.RestTemplate -   - Response 200 OK
2026-07-22 09:19:27.065 [DiscoveryClient-CacheRefreshExecutor-%d] DEBUG o.s.web.client.RestTemplate -   - Reading to [org.springframework.cloud.netflix.eureka.http.EurekaApplications]
2026-07-22 09:19:27.066 [DiscoveryClient-CacheRefreshExecutor-%d] DEBUG o.s.c.g.r.RouteDefinitionRouteLocator -   - RouteDefinition ReactiveCompositeDiscoveryClient_API-GATEWAY applying {pattern=/api-gateway/**} to Path
2026-07-22 09:19:27.066 [DiscoveryClient-CacheRefreshExecutor-%d] DEBUG o.s.c.g.r.RouteDefinitionRouteLocator -   - RouteDefinition ReactiveCompositeDiscoveryClient_API-GATEWAY applying filter {regexp=/api-gateway/?(?<remaining>.*), replacement=/${remaining}} to RewritePath
2026-07-22 09:19:27.067 [DiscoveryClient-CacheRefreshExecutor-%d] DEBUG o.s.c.g.r.RouteDefinitionRouteLocator -   - RouteDefinition matched: ReactiveCompositeDiscoveryClient_API-GATEWAY
2026-07-22 09:19:27.067 [DiscoveryClient-CacheRefreshExecutor-%d] DEBUG o.s.c.g.r.RouteDefinitionRouteLocator -   - RouteDefinition ReactiveCompositeDiscoveryClient_ACCOUNT-SERVICE applying {pattern=/account-service/**} to Path
2026-07-22 09:19:27.067 [DiscoveryClient-CacheRefreshExecutor-%d] DEBUG o.s.c.g.r.RouteDefinitionRouteLocator -   - RouteDefinition ReactiveCompositeDiscoveryClient_ACCOUNT-SERVICE applying filter {regexp=/account-service/?(?<remaining>.*), replacement=/${remaining}} to RewritePath
2026-07-22 09:19:27.067 [DiscoveryClient-CacheRefreshExecutor-%d] DEBUG o.s.c.g.r.RouteDefinitionRouteLocator -   - RouteDefinition matched: ReactiveCompositeDiscoveryClient_ACCOUNT-SERVICE
2026-07-22 09:19:27.067 [DiscoveryClient-CacheRefreshExecutor-%d] DEBUG o.s.c.g.r.RouteDefinitionRouteLocator -   - RouteDefinition ReactiveCompositeDiscoveryClient_WALLET-SERVICE applying {pattern=/wallet-service/**} to Path
2026-07-22 09:19:27.067 [DiscoveryClient-CacheRefreshExecutor-%d] DEBUG o.s.c.g.r.RouteDefinitionRouteLocator -   - RouteDefinition ReactiveCompositeDiscoveryClient_WALLET-SERVICE applying filter {regexp=/wallet-service/?(?<remaining>.*), replacement=/${remaining}} to RewritePath
2026-07-22 09:19:27.067 [DiscoveryClient-CacheRefreshExecutor-%d] DEBUG o.s.c.g.r.RouteDefinitionRouteLocator -   - RouteDefinition matched: ReactiveCompositeDiscoveryClient_WALLET-SERVICE
2026-07-22 09:19:27.067 [DiscoveryClient-CacheRefreshExecutor-%d] DEBUG o.s.c.g.r.RouteDefinitionRouteLocator -   - RouteDefinition auth-service applying {_genkey_0=/api/auth/**} to Path
2026-07-22 09:19:27.067 [DiscoveryClient-CacheRefreshExecutor-%d] DEBUG o.s.c.g.r.RouteDefinitionRouteLocator -   - RouteDefinition matched: auth-service
2026-07-22 09:19:27.068 [DiscoveryClient-CacheRefreshExecutor-%d] DEBUG o.s.c.g.r.RouteDefinitionRouteLocator -   - RouteDefinition wallet-service applying {_genkey_0=/api/wallets/**} to Path
2026-07-22 09:19:27.068 [DiscoveryClient-CacheRefreshExecutor-%d] DEBUG o.s.c.g.r.RouteDefinitionRouteLocator -   - RouteDefinition wallet-service applying filter {name=walletServiceCB, fallbackuri=forward:/fallback/wallets} to CircuitBreaker
2026-07-22 09:19:27.068 [DiscoveryClient-CacheRefreshExecutor-%d] DEBUG o.s.c.g.r.RouteDefinitionRouteLocator -   - RouteDefinition matched: wallet-service
2026-07-22 09:19:27.068 [DiscoveryClient-CacheRefreshExecutor-%d] DEBUG o.s.c.g.r.RouteDefinitionRouteLocator -   - RouteDefinition account-service applying {_genkey_0=/api/accounts/**} to Path
2026-07-22 09:19:27.068 [DiscoveryClient-CacheRefreshExecutor-%d] DEBUG o.s.c.g.r.RouteDefinitionRouteLocator -   - RouteDefinition account-service applying filter {name=accountServiceCB, fallbackuri=forward:/fallback/accounts} to CircuitBreaker
2026-07-22 09:19:27.068 [DiscoveryClient-CacheRefreshExecutor-%d] DEBUG o.s.c.g.r.RouteDefinitionRouteLocator -   - RouteDefinition matched: account-service
2026-07-22 09:19:27.068 [DiscoveryClient-CacheRefreshExecutor-%d] DEBUG o.s.c.g.r.RouteDefinitionRouteLocator -   - RouteDefinition customer-service applying {_genkey_0=/api/customers/**} to Path
2026-07-22 09:19:27.068 [DiscoveryClient-CacheRefreshExecutor-%d] DEBUG o.s.c.g.r.RouteDefinitionRouteLocator -   - RouteDefinition customer-service applying filter {name=customerServiceCB, fallbackuri=forward:/fallback/customers} to CircuitBreaker
2026-07-22 09:19:27.069 [DiscoveryClient-CacheRefreshExecutor-%d] DEBUG o.s.c.g.r.RouteDefinitionRouteLocator -   - RouteDefinition matched: customer-service
2026-07-22 09:19:27.069 [DiscoveryClient-CacheRefreshExecutor-%d] DEBUG o.s.c.g.filter.GatewayMetricsFilter -   - New routes count: 7
2026-07-22 09:32:21.857 [DiscoveryClient-HeartbeatExecutor-%d] DEBUG o.s.web.client.RestTemplate -   - HTTP PUT http://localhost:8761/eureka/apps/API-GATEWAY/10.132.124.77:api-gateway:8080?status=UP&lastDirtyTimestamp=1784692164593
2026-07-22 09:32:21.861 [DiscoveryClient-HeartbeatExecutor-%d] DEBUG o.s.web.client.RestTemplate -   - Accept=[application/json, application/yaml, application/*+json]
2026-07-22 09:32:21.867 [DiscoveryClient-HeartbeatExecutor-%d] DEBUG o.s.web.client.RestTemplate -   - Response 404 NOT_FOUND
2026-07-22 09:32:21.868 [DiscoveryClient-HeartbeatExecutor-%d] INFO  c.netflix.discovery.DiscoveryClient -   - DiscoveryClient_API-GATEWAY/10.132.124.77:api-gateway:8080 - Re-registering apps/API-GATEWAY
2026-07-22 09:32:21.868 [DiscoveryClient-HeartbeatExecutor-%d] INFO  c.netflix.discovery.DiscoveryClient -   - DiscoveryClient_API-GATEWAY/10.132.124.77:api-gateway:8080: registering service...
2026-07-22 09:32:21.868 [DiscoveryClient-HeartbeatExecutor-%d] DEBUG o.s.web.client.RestTemplate -   - HTTP POST http://localhost:8761/eureka/apps/API-GATEWAY
2026-07-22 09:32:21.868 [DiscoveryClient-HeartbeatExecutor-%d] DEBUG o.s.web.client.RestTemplate -   - Accept=[application/json, application/yaml, application/*+json]
2026-07-22 09:32:21.868 [DiscoveryClient-HeartbeatExecutor-%d] DEBUG o.s.web.client.RestTemplate -   - Writing [InstanceInfo [instanceId = 10.132.124.77:api-gateway:8080, appName = API-GATEWAY, hostName = 10.132.124.77, status = UP, ipAddr = 10.132.124.77, port = 8080, securePort = 443, dataCenterInfo = com.netflix.appinfo.MyDataCenterInfo@4cf9330f] as "application/json"
2026-07-22 09:32:21.871 [DiscoveryClient-HeartbeatExecutor-%d] DEBUG o.s.web.client.RestTemplate -   - Response 204 NO_CONTENT
2026-07-22 09:32:21.871 [DiscoveryClient-HeartbeatExecutor-%d] INFO  c.netflix.discovery.DiscoveryClient -   - DiscoveryClient_API-GATEWAY/10.132.124.77:api-gateway:8080 - registration status: 204
2026-07-22 09:32:24.328 [DiscoveryClient-CacheRefreshExecutor-%d] DEBUG o.s.web.client.RestTemplate -   - HTTP GET http://localhost:8761/eureka/apps/delta
2026-07-22 09:32:24.333 [DiscoveryClient-CacheRefreshExecutor-%d] DEBUG o.s.web.client.RestTemplate -   - Accept=[application/json, application/yaml, application/*+json]
2026-07-22 09:32:24.335 [DiscoveryClient-CacheRefreshExecutor-%d] DEBUG o.s.web.client.RestTemplate -   - Response 200 OK
2026-07-22 09:32:24.335 [DiscoveryClient-CacheRefreshExecutor-%d] DEBUG o.s.web.client.RestTemplate -   - Reading to [org.springframework.cloud.netflix.eureka.http.EurekaApplications]
2026-07-22 09:32:24.337 [DiscoveryClient-CacheRefreshExecutor-%d] DEBUG o.s.c.g.r.RouteDefinitionRouteLocator -   - RouteDefinition ReactiveCompositeDiscoveryClient_CONFIG-SERVER applying {pattern=/config-server/**} to Path
2026-07-22 09:32:24.338 [DiscoveryClient-CacheRefreshExecutor-%d] DEBUG o.s.c.g.r.RouteDefinitionRouteLocator -   - RouteDefinition ReactiveCompositeDiscoveryClient_CONFIG-SERVER applying filter {regexp=/config-server/?(?<remaining>.*), replacement=/${remaining}} to RewritePath
2026-07-22 09:32:24.339 [DiscoveryClient-CacheRefreshExecutor-%d] DEBUG o.s.c.g.r.RouteDefinitionRouteLocator -   - RouteDefinition matched: ReactiveCompositeDiscoveryClient_CONFIG-SERVER
2026-07-22 09:32:24.339 [DiscoveryClient-CacheRefreshExecutor-%d] DEBUG o.s.c.g.r.RouteDefinitionRouteLocator -   - RouteDefinition ReactiveCompositeDiscoveryClient_WALLET-SERVICE applying {pattern=/wallet-service/**} to Path
2026-07-22 09:32:24.339 [DiscoveryClient-CacheRefreshExecutor-%d] DEBUG o.s.c.g.r.RouteDefinitionRouteLocator -   - RouteDefinition ReactiveCompositeDiscoveryClient_WALLET-SERVICE applying filter {regexp=/wallet-service/?(?<remaining>.*), replacement=/${remaining}} to RewritePath
2026-07-22 09:32:24.339 [DiscoveryClient-CacheRefreshExecutor-%d] DEBUG o.s.c.g.r.RouteDefinitionRouteLocator -   - RouteDefinition matched: ReactiveCompositeDiscoveryClient_WALLET-SERVICE
2026-07-22 09:32:24.339 [DiscoveryClient-CacheRefreshExecutor-%d] DEBUG o.s.c.g.r.RouteDefinitionRouteLocator -   - RouteDefinition auth-service applying {_genkey_0=/api/auth/**} to Path
2026-07-22 09:32:24.339 [DiscoveryClient-CacheRefreshExecutor-%d] DEBUG o.s.c.g.r.RouteDefinitionRouteLocator -   - RouteDefinition matched: auth-service
2026-07-22 09:32:24.339 [DiscoveryClient-CacheRefreshExecutor-%d] DEBUG o.s.c.g.r.RouteDefinitionRouteLocator -   - RouteDefinition wallet-service applying {_genkey_0=/api/wallets/**} to Path
2026-07-22 09:32:24.339 [DiscoveryClient-CacheRefreshExecutor-%d] DEBUG o.s.c.g.r.RouteDefinitionRouteLocator -   - RouteDefinition wallet-service applying filter {name=walletServiceCB, fallbackuri=forward:/fallback/wallets} to CircuitBreaker
2026-07-22 09:32:24.340 [DiscoveryClient-CacheRefreshExecutor-%d] DEBUG o.s.c.g.r.RouteDefinitionRouteLocator -   - RouteDefinition matched: wallet-service
2026-07-22 09:32:24.340 [DiscoveryClient-CacheRefreshExecutor-%d] DEBUG o.s.c.g.r.RouteDefinitionRouteLocator -   - RouteDefinition account-service applying {_genkey_0=/api/accounts/**} to Path
2026-07-22 09:32:24.340 [DiscoveryClient-CacheRefreshExecutor-%d] DEBUG o.s.c.g.r.RouteDefinitionRouteLocator -   - RouteDefinition account-service applying filter {name=accountServiceCB, fallbackuri=forward:/fallback/accounts} to CircuitBreaker
2026-07-22 09:32:24.340 [DiscoveryClient-CacheRefreshExecutor-%d] DEBUG o.s.c.g.r.RouteDefinitionRouteLocator -   - RouteDefinition matched: account-service
2026-07-22 09:32:24.340 [DiscoveryClient-CacheRefreshExecutor-%d] DEBUG o.s.c.g.r.RouteDefinitionRouteLocator -   - RouteDefinition customer-service applying {_genkey_0=/api/customers/**} to Path
2026-07-22 09:32:24.340 [DiscoveryClient-CacheRefreshExecutor-%d] DEBUG o.s.c.g.r.RouteDefinitionRouteLocator -   - RouteDefinition customer-service applying filter {name=customerServiceCB, fallbackuri=forward:/fallback/customers} to CircuitBreaker
2026-07-22 09:32:24.341 [DiscoveryClient-CacheRefreshExecutor-%d] DEBUG o.s.c.g.r.RouteDefinitionRouteLocator -   - RouteDefinition matched: customer-service
2026-07-22 09:32:24.341 [DiscoveryClient-CacheRefreshExecutor-%d] DEBUG o.s.c.g.filter.GatewayMetricsFilter -   - New routes count: 6
2026-07-22 09:46:41.508 [DiscoveryClient-HeartbeatExecutor-%d] DEBUG o.s.web.client.RestTemplate -   - HTTP PUT http://localhost:8761/eureka/apps/API-GATEWAY/10.132.124.77:api-gateway:8080?status=UP&lastDirtyTimestamp=1784692941868
2026-07-22 09:46:41.512 [DiscoveryClient-HeartbeatExecutor-%d] DEBUG o.s.web.client.RestTemplate -   - Accept=[application/json, application/yaml, application/*+json]
2026-07-22 09:46:44.023 [DiscoveryClient-CacheRefreshExecutor-%d] DEBUG o.s.web.client.RestTemplate -   - HTTP GET http://localhost:8761/eureka/apps/delta
2026-07-22 09:46:44.036 [DiscoveryClient-CacheRefreshExecutor-%d] DEBUG o.s.web.client.RestTemplate -   - Accept=[application/json, application/yaml, application/*+json]
2026-07-22 09:46:50.371 [DiscoveryClient-CacheRefreshExecutor-%d] DEBUG o.s.web.client.RestTemplate -   - Response 200 OK
2026-07-22 09:46:50.371 [DiscoveryClient-CacheRefreshExecutor-%d] DEBUG o.s.web.client.RestTemplate -   - Reading to [org.springframework.cloud.netflix.eureka.http.EurekaApplications]
2026-07-22 09:46:50.371 [DiscoveryClient-HeartbeatExecutor-%d] DEBUG o.s.web.client.RestTemplate -   - Response 404 NOT_FOUND
2026-07-22 09:46:50.372 [DiscoveryClient-HeartbeatExecutor-%d] INFO  c.netflix.discovery.DiscoveryClient -   - DiscoveryClient_API-GATEWAY/10.132.124.77:api-gateway:8080 - Re-registering apps/API-GATEWAY
2026-07-22 09:46:50.372 [DiscoveryClient-HeartbeatExecutor-%d] INFO  c.netflix.discovery.DiscoveryClient -   - DiscoveryClient_API-GATEWAY/10.132.124.77:api-gateway:8080: registering service...
2026-07-22 09:46:50.372 [DiscoveryClient-HeartbeatExecutor-%d] DEBUG o.s.web.client.RestTemplate -   - HTTP POST http://localhost:8761/eureka/apps/API-GATEWAY
2026-07-22 09:46:50.372 [DiscoveryClient-HeartbeatExecutor-%d] DEBUG o.s.web.client.RestTemplate -   - Accept=[application/json, application/yaml, application/*+json]
2026-07-22 09:46:50.373 [DiscoveryClient-HeartbeatExecutor-%d] DEBUG o.s.web.client.RestTemplate -   - Writing [InstanceInfo [instanceId = 10.132.124.77:api-gateway:8080, appName = API-GATEWAY, hostName = 10.132.124.77, status = UP, ipAddr = 10.132.124.77, port = 8080, securePort = 443, dataCenterInfo = com.netflix.appinfo.MyDataCenterInfo@4cf9330f] as "application/json"
2026-07-22 09:46:50.379 [DiscoveryClient-HeartbeatExecutor-%d] DEBUG o.s.web.client.RestTemplate -   - Response 204 NO_CONTENT
2026-07-22 09:46:50.379 [DiscoveryClient-HeartbeatExecutor-%d] INFO  c.netflix.discovery.DiscoveryClient -   - DiscoveryClient_API-GATEWAY/10.132.124.77:api-gateway:8080 - registration status: 204
2026-07-22 09:46:50.380 [DiscoveryClient-CacheRefreshExecutor-%d] DEBUG o.s.c.g.r.RouteDefinitionRouteLocator -   - RouteDefinition ReactiveCompositeDiscoveryClient_API-GATEWAY applying {pattern=/api-gateway/**} to Path
2026-07-22 09:46:50.382 [DiscoveryClient-CacheRefreshExecutor-%d] DEBUG o.s.c.g.r.RouteDefinitionRouteLocator -   - RouteDefinition ReactiveCompositeDiscoveryClient_API-GATEWAY applying filter {regexp=/api-gateway/?(?<remaining>.*), replacement=/${remaining}} to RewritePath
2026-07-22 09:46:50.382 [DiscoveryClient-CacheRefreshExecutor-%d] DEBUG o.s.c.g.r.RouteDefinitionRouteLocator -   - RouteDefinition matched: ReactiveCompositeDiscoveryClient_API-GATEWAY
2026-07-22 09:46:50.382 [DiscoveryClient-CacheRefreshExecutor-%d] DEBUG o.s.c.g.r.RouteDefinitionRouteLocator -   - RouteDefinition ReactiveCompositeDiscoveryClient_ACCOUNT-SERVICE applying {pattern=/account-service/**} to Path
2026-07-22 09:46:50.382 [DiscoveryClient-CacheRefreshExecutor-%d] DEBUG o.s.c.g.r.RouteDefinitionRouteLocator -   - RouteDefinition ReactiveCompositeDiscoveryClient_ACCOUNT-SERVICE applying filter {regexp=/account-service/?(?<remaining>.*), replacement=/${remaining}} to RewritePath
2026-07-22 09:46:50.383 [DiscoveryClient-CacheRefreshExecutor-%d] DEBUG o.s.c.g.r.RouteDefinitionRouteLocator -   - RouteDefinition matched: ReactiveCompositeDiscoveryClient_ACCOUNT-SERVICE
2026-07-22 09:46:50.383 [DiscoveryClient-CacheRefreshExecutor-%d] DEBUG o.s.c.g.r.RouteDefinitionRouteLocator -   - RouteDefinition ReactiveCompositeDiscoveryClient_WALLET-SERVICE applying {pattern=/wallet-service/**} to Path
2026-07-22 09:46:50.383 [DiscoveryClient-CacheRefreshExecutor-%d] DEBUG o.s.c.g.r.RouteDefinitionRouteLocator -   - RouteDefinition ReactiveCompositeDiscoveryClient_WALLET-SERVICE applying filter {regexp=/wallet-service/?(?<remaining>.*), replacement=/${remaining}} to RewritePath
2026-07-22 09:46:50.383 [DiscoveryClient-CacheRefreshExecutor-%d] DEBUG o.s.c.g.r.RouteDefinitionRouteLocator -   - RouteDefinition matched: ReactiveCompositeDiscoveryClient_WALLET-SERVICE
2026-07-22 09:46:50.383 [DiscoveryClient-CacheRefreshExecutor-%d] DEBUG o.s.c.g.r.RouteDefinitionRouteLocator -   - RouteDefinition auth-service applying {_genkey_0=/api/auth/**} to Path
2026-07-22 09:46:50.383 [DiscoveryClient-CacheRefreshExecutor-%d] DEBUG o.s.c.g.r.RouteDefinitionRouteLocator -   - RouteDefinition matched: auth-service
2026-07-22 09:46:50.383 [DiscoveryClient-CacheRefreshExecutor-%d] DEBUG o.s.c.g.r.RouteDefinitionRouteLocator -   - RouteDefinition wallet-service applying {_genkey_0=/api/wallets/**} to Path
2026-07-22 09:46:50.384 [DiscoveryClient-CacheRefreshExecutor-%d] DEBUG o.s.c.g.r.RouteDefinitionRouteLocator -   - RouteDefinition wallet-service applying filter {name=walletServiceCB, fallbackuri=forward:/fallback/wallets} to CircuitBreaker
2026-07-22 09:46:50.384 [DiscoveryClient-CacheRefreshExecutor-%d] DEBUG o.s.c.g.r.RouteDefinitionRouteLocator -   - RouteDefinition matched: wallet-service
2026-07-22 09:46:50.384 [DiscoveryClient-CacheRefreshExecutor-%d] DEBUG o.s.c.g.r.RouteDefinitionRouteLocator -   - RouteDefinition account-service applying {_genkey_0=/api/accounts/**} to Path
2026-07-22 09:46:50.384 [DiscoveryClient-CacheRefreshExecutor-%d] DEBUG o.s.c.g.r.RouteDefinitionRouteLocator -   - RouteDefinition account-service applying filter {name=accountServiceCB, fallbackuri=forward:/fallback/accounts} to CircuitBreaker
2026-07-22 09:46:50.385 [DiscoveryClient-CacheRefreshExecutor-%d] DEBUG o.s.c.g.r.RouteDefinitionRouteLocator -   - RouteDefinition matched: account-service
2026-07-22 09:46:50.385 [DiscoveryClient-CacheRefreshExecutor-%d] DEBUG o.s.c.g.r.RouteDefinitionRouteLocator -   - RouteDefinition customer-service applying {_genkey_0=/api/customers/**} to Path
2026-07-22 09:46:50.385 [DiscoveryClient-CacheRefreshExecutor-%d] DEBUG o.s.c.g.r.RouteDefinitionRouteLocator -   - RouteDefinition customer-service applying filter {name=customerServiceCB, fallbackuri=forward:/fallback/customers} to CircuitBreaker
2026-07-22 09:46:50.385 [DiscoveryClient-CacheRefreshExecutor-%d] DEBUG o.s.c.g.r.RouteDefinitionRouteLocator -   - RouteDefinition matched: customer-service
2026-07-22 09:46:50.385 [DiscoveryClient-CacheRefreshExecutor-%d] DEBUG o.s.c.g.filter.GatewayMetricsFilter -   - New routes count: 7
2026-07-22 10:03:57.401 [DiscoveryClient-HeartbeatExecutor-%d] DEBUG o.s.web.client.RestTemplate -   - HTTP PUT http://localhost:8761/eureka/apps/API-GATEWAY/10.132.124.77:api-gateway:8080?status=UP&lastDirtyTimestamp=1784693810372
2026-07-22 10:03:57.400 [DiscoveryClient-CacheRefreshExecutor-%d] DEBUG o.s.web.client.RestTemplate -   - HTTP GET http://localhost:8761/eureka/apps/delta
2026-07-22 10:03:57.401 [DiscoveryClient-CacheRefreshExecutor-%d] DEBUG o.s.web.client.RestTemplate -   - Accept=[application/json, application/yaml, application/*+json]
2026-07-22 10:03:57.404 [DiscoveryClient-CacheRefreshExecutor-%d] DEBUG o.s.web.client.RestTemplate -   - Response 200 OK
2026-07-22 10:03:57.404 [DiscoveryClient-CacheRefreshExecutor-%d] DEBUG o.s.web.client.RestTemplate -   - Reading to [org.springframework.cloud.netflix.eureka.http.EurekaApplications]
2026-07-22 10:03:57.405 [DiscoveryClient-HeartbeatExecutor-%d] DEBUG o.s.web.client.RestTemplate -   - Accept=[application/json, application/yaml, application/*+json]
2026-07-22 10:03:57.406 [DiscoveryClient-HeartbeatExecutor-%d] DEBUG o.s.web.client.RestTemplate -   - Response 200 OK
2026-07-22 10:03:57.407 [DiscoveryClient-CacheRefreshExecutor-%d] DEBUG o.s.c.g.r.RouteDefinitionRouteLocator -   - RouteDefinition ReactiveCompositeDiscoveryClient_API-GATEWAY applying {pattern=/api-gateway/**} to Path
2026-07-22 10:03:57.408 [DiscoveryClient-CacheRefreshExecutor-%d] DEBUG o.s.c.g.r.RouteDefinitionRouteLocator -   - RouteDefinition ReactiveCompositeDiscoveryClient_API-GATEWAY applying filter {regexp=/api-gateway/?(?<remaining>.*), replacement=/${remaining}} to RewritePath
2026-07-22 10:03:57.408 [DiscoveryClient-CacheRefreshExecutor-%d] DEBUG o.s.c.g.r.RouteDefinitionRouteLocator -   - RouteDefinition matched: ReactiveCompositeDiscoveryClient_API-GATEWAY
2026-07-22 10:03:57.408 [DiscoveryClient-CacheRefreshExecutor-%d] DEBUG o.s.c.g.r.RouteDefinitionRouteLocator -   - RouteDefinition ReactiveCompositeDiscoveryClient_CUSTOMER-SERVICE applying {pattern=/customer-service/**} to Path
2026-07-22 10:03:57.408 [DiscoveryClient-CacheRefreshExecutor-%d] DEBUG o.s.c.g.r.RouteDefinitionRouteLocator -   - RouteDefinition ReactiveCompositeDiscoveryClient_CUSTOMER-SERVICE applying filter {regexp=/customer-service/?(?<remaining>.*), replacement=/${remaining}} to RewritePath
2026-07-22 10:03:57.408 [DiscoveryClient-CacheRefreshExecutor-%d] DEBUG o.s.c.g.r.RouteDefinitionRouteLocator -   - RouteDefinition matched: ReactiveCompositeDiscoveryClient_CUSTOMER-SERVICE
2026-07-22 10:03:57.408 [DiscoveryClient-CacheRefreshExecutor-%d] DEBUG o.s.c.g.r.RouteDefinitionRouteLocator -   - RouteDefinition ReactiveCompositeDiscoveryClient_ACCOUNT-SERVICE applying {pattern=/account-service/**} to Path
2026-07-22 10:03:57.409 [DiscoveryClient-CacheRefreshExecutor-%d] DEBUG o.s.c.g.r.RouteDefinitionRouteLocator -   - RouteDefinition ReactiveCompositeDiscoveryClient_ACCOUNT-SERVICE applying filter {regexp=/account-service/?(?<remaining>.*), replacement=/${remaining}} to RewritePath
2026-07-22 10:03:57.409 [DiscoveryClient-CacheRefreshExecutor-%d] DEBUG o.s.c.g.r.RouteDefinitionRouteLocator -   - RouteDefinition matched: ReactiveCompositeDiscoveryClient_ACCOUNT-SERVICE
2026-07-22 10:03:57.409 [DiscoveryClient-CacheRefreshExecutor-%d] DEBUG o.s.c.g.r.RouteDefinitionRouteLocator -   - RouteDefinition ReactiveCompositeDiscoveryClient_AUTH-SERVICE applying {pattern=/auth-service/**} to Path
2026-07-22 10:03:57.409 [DiscoveryClient-CacheRefreshExecutor-%d] DEBUG o.s.c.g.r.RouteDefinitionRouteLocator -   - RouteDefinition ReactiveCompositeDiscoveryClient_AUTH-SERVICE applying filter {regexp=/auth-service/?(?<remaining>.*), replacement=/${remaining}} to RewritePath
2026-07-22 10:03:57.409 [DiscoveryClient-CacheRefreshExecutor-%d] DEBUG o.s.c.g.r.RouteDefinitionRouteLocator -   - RouteDefinition matched: ReactiveCompositeDiscoveryClient_AUTH-SERVICE
2026-07-22 10:03:57.409 [DiscoveryClient-CacheRefreshExecutor-%d] DEBUG o.s.c.g.r.RouteDefinitionRouteLocator -   - RouteDefinition ReactiveCompositeDiscoveryClient_CONFIG-SERVER applying {pattern=/config-server/**} to Path
2026-07-22 10:03:57.409 [DiscoveryClient-CacheRefreshExecutor-%d] DEBUG o.s.c.g.r.RouteDefinitionRouteLocator -   - RouteDefinition ReactiveCompositeDiscoveryClient_CONFIG-SERVER applying filter {regexp=/config-server/?(?<remaining>.*), replacement=/${remaining}} to RewritePath
2026-07-22 10:03:57.409 [DiscoveryClient-CacheRefreshExecutor-%d] DEBUG o.s.c.g.r.RouteDefinitionRouteLocator -   - RouteDefinition matched: ReactiveCompositeDiscoveryClient_CONFIG-SERVER
2026-07-22 10:03:57.409 [DiscoveryClient-CacheRefreshExecutor-%d] DEBUG o.s.c.g.r.RouteDefinitionRouteLocator -   - RouteDefinition ReactiveCompositeDiscoveryClient_WALLET-SERVICE applying {pattern=/wallet-service/**} to Path
2026-07-22 10:03:57.410 [DiscoveryClient-CacheRefreshExecutor-%d] DEBUG o.s.c.g.r.RouteDefinitionRouteLocator -   - RouteDefinition ReactiveCompositeDiscoveryClient_WALLET-SERVICE applying filter {regexp=/wallet-service/?(?<remaining>.*), replacement=/${remaining}} to RewritePath
2026-07-22 10:03:57.410 [DiscoveryClient-CacheRefreshExecutor-%d] DEBUG o.s.c.g.r.RouteDefinitionRouteLocator -   - RouteDefinition matched: ReactiveCompositeDiscoveryClient_WALLET-SERVICE
2026-07-22 10:03:57.410 [DiscoveryClient-CacheRefreshExecutor-%d] DEBUG o.s.c.g.r.RouteDefinitionRouteLocator -   - RouteDefinition auth-service applying {_genkey_0=/api/auth/**} to Path
2026-07-22 10:03:57.410 [DiscoveryClient-CacheRefreshExecutor-%d] DEBUG o.s.c.g.r.RouteDefinitionRouteLocator -   - RouteDefinition matched: auth-service
2026-07-22 10:03:57.410 [DiscoveryClient-CacheRefreshExecutor-%d] DEBUG o.s.c.g.r.RouteDefinitionRouteLocator -   - RouteDefinition wallet-service applying {_genkey_0=/api/wallets/**} to Path
2026-07-22 10:03:57.411 [DiscoveryClient-CacheRefreshExecutor-%d] DEBUG o.s.c.g.r.RouteDefinitionRouteLocator -   - RouteDefinition wallet-service applying filter {name=walletServiceCB, fallbackuri=forward:/fallback/wallets} to CircuitBreaker
2026-07-22 10:03:57.411 [DiscoveryClient-CacheRefreshExecutor-%d] DEBUG o.s.c.g.r.RouteDefinitionRouteLocator -   - RouteDefinition matched: wallet-service
2026-07-22 10:03:57.411 [DiscoveryClient-CacheRefreshExecutor-%d] DEBUG o.s.c.g.r.RouteDefinitionRouteLocator -   - RouteDefinition account-service applying {_genkey_0=/api/accounts/**} to Path
2026-07-22 10:03:57.411 [DiscoveryClient-CacheRefreshExecutor-%d] DEBUG o.s.c.g.r.RouteDefinitionRouteLocator -   - RouteDefinition account-service applying filter {name=accountServiceCB, fallbackuri=forward:/fallback/accounts} to CircuitBreaker
2026-07-22 10:03:57.411 [DiscoveryClient-CacheRefreshExecutor-%d] DEBUG o.s.c.g.r.RouteDefinitionRouteLocator -   - RouteDefinition matched: account-service
2026-07-22 10:03:57.411 [DiscoveryClient-CacheRefreshExecutor-%d] DEBUG o.s.c.g.r.RouteDefinitionRouteLocator -   - RouteDefinition customer-service applying {_genkey_0=/api/customers/**} to Path
2026-07-22 10:03:57.411 [DiscoveryClient-CacheRefreshExecutor-%d] DEBUG o.s.c.g.r.RouteDefinitionRouteLocator -   - RouteDefinition customer-service applying filter {name=customerServiceCB, fallbackuri=forward:/fallback/customers} to CircuitBreaker
2026-07-22 10:03:57.411 [DiscoveryClient-CacheRefreshExecutor-%d] DEBUG o.s.c.g.r.RouteDefinitionRouteLocator -   - RouteDefinition matched: customer-service
2026-07-22 10:03:57.412 [DiscoveryClient-CacheRefreshExecutor-%d] DEBUG o.s.c.g.filter.GatewayMetricsFilter -   - New routes count: 10
2026-07-22 10:04:27.350 [DiscoveryClient-HeartbeatExecutor-%d] DEBUG o.s.web.client.RestTemplate -   - HTTP PUT http://localhost:8761/eureka/apps/API-GATEWAY/10.132.124.77:api-gateway:8080?status=UP&lastDirtyTimestamp=1784693810372
2026-07-22 10:04:27.350 [DiscoveryClient-HeartbeatExecutor-%d] DEBUG o.s.web.client.RestTemplate -   - Accept=[application/json, application/yaml, application/*+json]
2026-07-22 10:04:27.353 [DiscoveryClient-CacheRefreshExecutor-%d] DEBUG o.s.web.client.RestTemplate -   - HTTP GET http://localhost:8761/eureka/apps/delta
2026-07-22 10:04:27.353 [DiscoveryClient-HeartbeatExecutor-%d] DEBUG o.s.web.client.RestTemplate -   - Response 200 OK
2026-07-22 10:04:27.356 [DiscoveryClient-CacheRefreshExecutor-%d] DEBUG o.s.web.client.RestTemplate -   - Accept=[application/json, application/yaml, application/*+json]
2026-07-22 10:04:27.357 [DiscoveryClient-CacheRefreshExecutor-%d] DEBUG o.s.web.client.RestTemplate -   - Response 200 OK
2026-07-22 10:04:27.358 [DiscoveryClient-CacheRefreshExecutor-%d] DEBUG o.s.web.client.RestTemplate -   - Reading to [org.springframework.cloud.netflix.eureka.http.EurekaApplications]
2026-07-22 10:04:27.359 [DiscoveryClient-CacheRefreshExecutor-%d] DEBUG o.s.c.g.r.RouteDefinitionRouteLocator -   - RouteDefinition ReactiveCompositeDiscoveryClient_API-GATEWAY applying {pattern=/api-gateway/**} to Path
2026-07-22 10:04:27.359 [DiscoveryClient-CacheRefreshExecutor-%d] DEBUG o.s.c.g.r.RouteDefinitionRouteLocator -   - RouteDefinition ReactiveCompositeDiscoveryClient_API-GATEWAY applying filter {regexp=/api-gateway/?(?<remaining>.*), replacement=/${remaining}} to RewritePath
2026-07-22 10:04:27.359 [DiscoveryClient-CacheRefreshExecutor-%d] DEBUG o.s.c.g.r.RouteDefinitionRouteLocator -   - RouteDefinition matched: ReactiveCompositeDiscoveryClient_API-GATEWAY
2026-07-22 10:04:27.359 [DiscoveryClient-CacheRefreshExecutor-%d] DEBUG o.s.c.g.r.RouteDefinitionRouteLocator -   - RouteDefinition ReactiveCompositeDiscoveryClient_ACCOUNT-SERVICE applying {pattern=/account-service/**} to Path
2026-07-22 10:04:27.360 [DiscoveryClient-CacheRefreshExecutor-%d] DEBUG o.s.c.g.r.RouteDefinitionRouteLocator -   - RouteDefinition ReactiveCompositeDiscoveryClient_ACCOUNT-SERVICE applying filter {regexp=/account-service/?(?<remaining>.*), replacement=/${remaining}} to RewritePath
2026-07-22 10:04:27.360 [DiscoveryClient-CacheRefreshExecutor-%d] DEBUG o.s.c.g.r.RouteDefinitionRouteLocator -   - RouteDefinition matched: ReactiveCompositeDiscoveryClient_ACCOUNT-SERVICE
2026-07-22 10:04:27.360 [DiscoveryClient-CacheRefreshExecutor-%d] DEBUG o.s.c.g.r.RouteDefinitionRouteLocator -   - RouteDefinition ReactiveCompositeDiscoveryClient_CONFIG-SERVER applying {pattern=/config-server/**} to Path
2026-07-22 10:04:27.360 [DiscoveryClient-CacheRefreshExecutor-%d] DEBUG o.s.c.g.r.RouteDefinitionRouteLocator -   - RouteDefinition ReactiveCompositeDiscoveryClient_CONFIG-SERVER applying filter {regexp=/config-server/?(?<remaining>.*), replacement=/${remaining}} to RewritePath
2026-07-22 10:04:27.360 [DiscoveryClient-CacheRefreshExecutor-%d] DEBUG o.s.c.g.r.RouteDefinitionRouteLocator -   - RouteDefinition matched: ReactiveCompositeDiscoveryClient_CONFIG-SERVER
2026-07-22 10:04:27.360 [DiscoveryClient-CacheRefreshExecutor-%d] DEBUG o.s.c.g.r.RouteDefinitionRouteLocator -   - RouteDefinition ReactiveCompositeDiscoveryClient_WALLET-SERVICE applying {pattern=/wallet-service/**} to Path
2026-07-22 10:04:27.360 [DiscoveryClient-CacheRefreshExecutor-%d] DEBUG o.s.c.g.r.RouteDefinitionRouteLocator -   - RouteDefinition ReactiveCompositeDiscoveryClient_WALLET-SERVICE applying filter {regexp=/wallet-service/?(?<remaining>.*), replacement=/${remaining}} to RewritePath
2026-07-22 10:04:27.360 [DiscoveryClient-CacheRefreshExecutor-%d] DEBUG o.s.c.g.r.RouteDefinitionRouteLocator -   - RouteDefinition matched: ReactiveCompositeDiscoveryClient_WALLET-SERVICE
2026-07-22 10:04:27.360 [DiscoveryClient-CacheRefreshExecutor-%d] DEBUG o.s.c.g.r.RouteDefinitionRouteLocator -   - RouteDefinition auth-service applying {_genkey_0=/api/auth/**} to Path
2026-07-22 10:04:27.360 [DiscoveryClient-CacheRefreshExecutor-%d] DEBUG o.s.c.g.r.RouteDefinitionRouteLocator -   - RouteDefinition matched: auth-service
2026-07-22 10:04:27.360 [DiscoveryClient-CacheRefreshExecutor-%d] DEBUG o.s.c.g.r.RouteDefinitionRouteLocator -   - RouteDefinition wallet-service applying {_genkey_0=/api/wallets/**} to Path
2026-07-22 10:04:27.360 [DiscoveryClient-CacheRefreshExecutor-%d] DEBUG o.s.c.g.r.RouteDefinitionRouteLocator -   - RouteDefinition wallet-service applying filter {name=walletServiceCB, fallbackuri=forward:/fallback/wallets} to CircuitBreaker
2026-07-22 10:04:27.361 [DiscoveryClient-CacheRefreshExecutor-%d] DEBUG o.s.c.g.r.RouteDefinitionRouteLocator -   - RouteDefinition matched: wallet-service
2026-07-22 10:04:27.361 [DiscoveryClient-CacheRefreshExecutor-%d] DEBUG o.s.c.g.r.RouteDefinitionRouteLocator -   - RouteDefinition account-service applying {_genkey_0=/api/accounts/**} to Path
2026-07-22 10:04:27.361 [DiscoveryClient-CacheRefreshExecutor-%d] DEBUG o.s.c.g.r.RouteDefinitionRouteLocator -   - RouteDefinition account-service applying filter {name=accountServiceCB, fallbackuri=forward:/fallback/accounts} to CircuitBreaker
2026-07-22 10:04:27.361 [DiscoveryClient-CacheRefreshExecutor-%d] DEBUG o.s.c.g.r.RouteDefinitionRouteLocator -   - RouteDefinition matched: account-service
2026-07-22 10:04:27.361 [DiscoveryClient-CacheRefreshExecutor-%d] DEBUG o.s.c.g.r.RouteDefinitionRouteLocator -   - RouteDefinition customer-service applying {_genkey_0=/api/customers/**} to Path
2026-07-22 10:04:27.361 [DiscoveryClient-CacheRefreshExecutor-%d] DEBUG o.s.c.g.r.RouteDefinitionRouteLocator -   - RouteDefinition customer-service applying filter {name=customerServiceCB, fallbackuri=forward:/fallback/customers} to CircuitBreaker
2026-07-22 10:04:27.361 [DiscoveryClient-CacheRefreshExecutor-%d] DEBUG o.s.c.g.r.RouteDefinitionRouteLocator -   - RouteDefinition matched: customer-service
2026-07-22 10:04:27.361 [DiscoveryClient-CacheRefreshExecutor-%d] DEBUG o.s.c.g.filter.GatewayMetricsFilter -   - New routes count: 8
2026-07-22 10:04:57.358 [DiscoveryClient-HeartbeatExecutor-%d] DEBUG o.s.web.client.RestTemplate -   - HTTP PUT http://localhost:8761/eureka/apps/API-GATEWAY/10.132.124.77:api-gateway:8080?status=UP&lastDirtyTimestamp=1784693810372
2026-07-22 10:04:57.358 [DiscoveryClient-HeartbeatExecutor-%d] DEBUG o.s.web.client.RestTemplate -   - Accept=[application/json, application/yaml, application/*+json]
2026-07-22 10:04:57.360 [DiscoveryClient-HeartbeatExecutor-%d] DEBUG o.s.web.client.RestTemplate -   - Response 200 OK
2026-07-22 10:04:57.362 [DiscoveryClient-CacheRefreshExecutor-%d] DEBUG o.s.web.client.RestTemplate -   - HTTP GET http://localhost:8761/eureka/apps/delta
2026-07-22 10:04:57.362 [DiscoveryClient-CacheRefreshExecutor-%d] DEBUG o.s.web.client.RestTemplate -   - Accept=[application/json, application/yaml, application/*+json]
2026-07-22 10:04:57.364 [DiscoveryClient-CacheRefreshExecutor-%d] DEBUG o.s.web.client.RestTemplate -   - Response 200 OK
2026-07-22 10:04:57.364 [DiscoveryClient-CacheRefreshExecutor-%d] DEBUG o.s.web.client.RestTemplate -   - Reading to [org.springframework.cloud.netflix.eureka.http.EurekaApplications]
2026-07-22 10:04:57.365 [DiscoveryClient-CacheRefreshExecutor-%d] DEBUG o.s.c.g.r.RouteDefinitionRouteLocator -   - RouteDefinition ReactiveCompositeDiscoveryClient_API-GATEWAY applying {pattern=/api-gateway/**} to Path
2026-07-22 10:04:57.365 [DiscoveryClient-CacheRefreshExecutor-%d] DEBUG o.s.c.g.r.RouteDefinitionRouteLocator -   - RouteDefinition ReactiveCompositeDiscoveryClient_API-GATEWAY applying filter {regexp=/api-gateway/?(?<remaining>.*), replacement=/${remaining}} to RewritePath
2026-07-22 10:04:57.366 [DiscoveryClient-CacheRefreshExecutor-%d] DEBUG o.s.c.g.r.RouteDefinitionRouteLocator -   - RouteDefinition matched: ReactiveCompositeDiscoveryClient_API-GATEWAY
2026-07-22 10:04:57.366 [DiscoveryClient-CacheRefreshExecutor-%d] DEBUG o.s.c.g.r.RouteDefinitionRouteLocator -   - RouteDefinition ReactiveCompositeDiscoveryClient_CUSTOMER-SERVICE applying {pattern=/customer-service/**} to Path
2026-07-22 10:04:57.366 [DiscoveryClient-CacheRefreshExecutor-%d] DEBUG o.s.c.g.r.RouteDefinitionRouteLocator -   - RouteDefinition ReactiveCompositeDiscoveryClient_CUSTOMER-SERVICE applying filter {regexp=/customer-service/?(?<remaining>.*), replacement=/${remaining}} to RewritePath
2026-07-22 10:04:57.366 [DiscoveryClient-CacheRefreshExecutor-%d] DEBUG o.s.c.g.r.RouteDefinitionRouteLocator -   - RouteDefinition matched: ReactiveCompositeDiscoveryClient_CUSTOMER-SERVICE
2026-07-22 10:04:57.366 [DiscoveryClient-CacheRefreshExecutor-%d] DEBUG o.s.c.g.r.RouteDefinitionRouteLocator -   - RouteDefinition ReactiveCompositeDiscoveryClient_ACCOUNT-SERVICE applying {pattern=/account-service/**} to Path
2026-07-22 10:04:57.366 [DiscoveryClient-CacheRefreshExecutor-%d] DEBUG o.s.c.g.r.RouteDefinitionRouteLocator -   - RouteDefinition ReactiveCompositeDiscoveryClient_ACCOUNT-SERVICE applying filter {regexp=/account-service/?(?<remaining>.*), replacement=/${remaining}} to RewritePath
2026-07-22 10:04:57.367 [DiscoveryClient-CacheRefreshExecutor-%d] DEBUG o.s.c.g.r.RouteDefinitionRouteLocator -   - RouteDefinition matched: ReactiveCompositeDiscoveryClient_ACCOUNT-SERVICE
2026-07-22 10:04:57.367 [DiscoveryClient-CacheRefreshExecutor-%d] DEBUG o.s.c.g.r.RouteDefinitionRouteLocator -   - RouteDefinition ReactiveCompositeDiscoveryClient_AUTH-SERVICE applying {pattern=/auth-service/**} to Path
2026-07-22 10:04:57.367 [DiscoveryClient-CacheRefreshExecutor-%d] DEBUG o.s.c.g.r.RouteDefinitionRouteLocator -   - RouteDefinition ReactiveCompositeDiscoveryClient_AUTH-SERVICE applying filter {regexp=/auth-service/?(?<remaining>.*), replacement=/${remaining}} to RewritePath
2026-07-22 10:04:57.367 [DiscoveryClient-CacheRefreshExecutor-%d] DEBUG o.s.c.g.r.RouteDefinitionRouteLocator -   - RouteDefinition matched: ReactiveCompositeDiscoveryClient_AUTH-SERVICE
2026-07-22 10:04:57.367 [DiscoveryClient-CacheRefreshExecutor-%d] DEBUG o.s.c.g.r.RouteDefinitionRouteLocator -   - RouteDefinition ReactiveCompositeDiscoveryClient_CONFIG-SERVER applying {pattern=/config-server/**} to Path
2026-07-22 10:04:57.368 [DiscoveryClient-CacheRefreshExecutor-%d] DEBUG o.s.c.g.r.RouteDefinitionRouteLocator -   - RouteDefinition ReactiveCompositeDiscoveryClient_CONFIG-SERVER applying filter {regexp=/config-server/?(?<remaining>.*), replacement=/${remaining}} to RewritePath
2026-07-22 10:04:57.368 [DiscoveryClient-CacheRefreshExecutor-%d] DEBUG o.s.c.g.r.RouteDefinitionRouteLocator -   - RouteDefinition matched: ReactiveCompositeDiscoveryClient_CONFIG-SERVER
2026-07-22 10:04:57.368 [DiscoveryClient-CacheRefreshExecutor-%d] DEBUG o.s.c.g.r.RouteDefinitionRouteLocator -   - RouteDefinition ReactiveCompositeDiscoveryClient_WALLET-SERVICE applying {pattern=/wallet-service/**} to Path
2026-07-22 10:04:57.368 [DiscoveryClient-CacheRefreshExecutor-%d] DEBUG o.s.c.g.r.RouteDefinitionRouteLocator -   - RouteDefinition ReactiveCompositeDiscoveryClient_WALLET-SERVICE applying filter {regexp=/wallet-service/?(?<remaining>.*), replacement=/${remaining}} to RewritePath
2026-07-22 10:04:57.368 [DiscoveryClient-CacheRefreshExecutor-%d] DEBUG o.s.c.g.r.RouteDefinitionRouteLocator -   - RouteDefinition matched: ReactiveCompositeDiscoveryClient_WALLET-SERVICE
2026-07-22 10:04:57.368 [DiscoveryClient-CacheRefreshExecutor-%d] DEBUG o.s.c.g.r.RouteDefinitionRouteLocator -   - RouteDefinition auth-service applying {_genkey_0=/api/auth/**} to Path
2026-07-22 10:04:57.369 [DiscoveryClient-CacheRefreshExecutor-%d] DEBUG o.s.c.g.r.RouteDefinitionRouteLocator -   - RouteDefinition matched: auth-service
2026-07-22 10:04:57.369 [DiscoveryClient-CacheRefreshExecutor-%d] DEBUG o.s.c.g.r.RouteDefinitionRouteLocator -   - RouteDefinition wallet-service applying {_genkey_0=/api/wallets/**} to Path
2026-07-22 10:04:57.369 [DiscoveryClient-CacheRefreshExecutor-%d] DEBUG o.s.c.g.r.RouteDefinitionRouteLocator -   - RouteDefinition wallet-service applying filter {name=walletServiceCB, fallbackuri=forward:/fallback/wallets} to CircuitBreaker
2026-07-22 10:04:57.369 [DiscoveryClient-CacheRefreshExecutor-%d] DEBUG o.s.c.g.r.RouteDefinitionRouteLocator -   - RouteDefinition matched: wallet-service
2026-07-22 10:04:57.369 [DiscoveryClient-CacheRefreshExecutor-%d] DEBUG o.s.c.g.r.RouteDefinitionRouteLocator -   - RouteDefinition account-service applying {_genkey_0=/api/accounts/**} to Path
2026-07-22 10:04:57.369 [DiscoveryClient-CacheRefreshExecutor-%d] DEBUG o.s.c.g.r.RouteDefinitionRouteLocator -   - RouteDefinition account-service applying filter {name=accountServiceCB, fallbackuri=forward:/fallback/accounts} to CircuitBreaker
2026-07-22 10:04:57.369 [DiscoveryClient-CacheRefreshExecutor-%d] DEBUG o.s.c.g.r.RouteDefinitionRouteLocator -   - RouteDefinition matched: account-service
2026-07-22 10:04:57.369 [DiscoveryClient-CacheRefreshExecutor-%d] DEBUG o.s.c.g.r.RouteDefinitionRouteLocator -   - RouteDefinition customer-service applying {_genkey_0=/api/customers/**} to Path
2026-07-22 10:04:57.370 [DiscoveryClient-CacheRefreshExecutor-%d] DEBUG o.s.c.g.r.RouteDefinitionRouteLocator -   - RouteDefinition customer-service applying filter {name=customerServiceCB, fallbackuri=forward:/fallback/customers} to CircuitBreaker
2026-07-22 10:04:57.370 [DiscoveryClient-CacheRefreshExecutor-%d] DEBUG o.s.c.g.r.RouteDefinitionRouteLocator -   - RouteDefinition matched: customer-service
2026-07-22 10:04:57.370 [DiscoveryClient-CacheRefreshExecutor-%d] DEBUG o.s.c.g.filter.GatewayMetricsFilter -   - New routes count: 10
2026-07-22 10:05:11.926 [AsyncResolver-bootstrap-executor-%d] INFO  c.n.d.s.r.aws.ConfigClusterResolver -   - Resolving eureka endpoints via configuration
2026-07-22 10:05:27.365 [DiscoveryClient-HeartbeatExecutor-%d] DEBUG o.s.web.client.RestTemplate -   - HTTP PUT http://localhost:8761/eureka/apps/API-GATEWAY/10.132.124.77:api-gateway:8080?status=UP&lastDirtyTimestamp=1784693810372
2026-07-22 10:05:27.366 [DiscoveryClient-HeartbeatExecutor-%d] DEBUG o.s.web.client.RestTemplate -   - Accept=[application/json, application/yaml, application/*+json]
2026-07-22 10:05:27.368 [DiscoveryClient-HeartbeatExecutor-%d] DEBUG o.s.web.client.RestTemplate -   - Response 200 OK
2026-07-22 10:05:27.371 [DiscoveryClient-CacheRefreshExecutor-%d] DEBUG o.s.web.client.RestTemplate -   - HTTP GET http://localhost:8761/eureka/apps/delta
2026-07-22 10:05:27.371 [DiscoveryClient-CacheRefreshExecutor-%d] DEBUG o.s.web.client.RestTemplate -   - Accept=[application/json, application/yaml, application/*+json]
2026-07-22 10:05:27.374 [DiscoveryClient-CacheRefreshExecutor-%d] DEBUG o.s.web.client.RestTemplate -   - Response 200 OK
2026-07-22 10:05:27.374 [DiscoveryClient-CacheRefreshExecutor-%d] DEBUG o.s.web.client.RestTemplate -   - Reading to [org.springframework.cloud.netflix.eureka.http.EurekaApplications]
2026-07-22 10:05:27.375 [DiscoveryClient-CacheRefreshExecutor-%d] DEBUG o.s.c.g.r.RouteDefinitionRouteLocator -   - RouteDefinition ReactiveCompositeDiscoveryClient_API-GATEWAY applying {pattern=/api-gateway/**} to Path
2026-07-22 10:05:27.376 [DiscoveryClient-CacheRefreshExecutor-%d] DEBUG o.s.c.g.r.RouteDefinitionRouteLocator -   - RouteDefinition ReactiveCompositeDiscoveryClient_API-GATEWAY applying filter {regexp=/api-gateway/?(?<remaining>.*), replacement=/${remaining}} to RewritePath
2026-07-22 10:05:27.376 [DiscoveryClient-CacheRefreshExecutor-%d] DEBUG o.s.c.g.r.RouteDefinitionRouteLocator -   - RouteDefinition matched: ReactiveCompositeDiscoveryClient_API-GATEWAY
2026-07-22 10:05:27.376 [DiscoveryClient-CacheRefreshExecutor-%d] DEBUG o.s.c.g.r.RouteDefinitionRouteLocator -   - RouteDefinition ReactiveCompositeDiscoveryClient_CUSTOMER-SERVICE applying {pattern=/customer-service/**} to Path
2026-07-22 10:05:27.376 [DiscoveryClient-CacheRefreshExecutor-%d] DEBUG o.s.c.g.r.RouteDefinitionRouteLocator -   - RouteDefinition ReactiveCompositeDiscoveryClient_CUSTOMER-SERVICE applying filter {regexp=/customer-service/?(?<remaining>.*), replacement=/${remaining}} to RewritePath
2026-07-22 10:05:27.376 [DiscoveryClient-CacheRefreshExecutor-%d] DEBUG o.s.c.g.r.RouteDefinitionRouteLocator -   - RouteDefinition matched: ReactiveCompositeDiscoveryClient_CUSTOMER-SERVICE
2026-07-22 10:05:27.377 [DiscoveryClient-CacheRefreshExecutor-%d] DEBUG o.s.c.g.r.RouteDefinitionRouteLocator -   - RouteDefinition ReactiveCompositeDiscoveryClient_ACCOUNT-SERVICE applying {pattern=/account-service/**} to Path
2026-07-22 10:05:27.377 [DiscoveryClient-CacheRefreshExecutor-%d] DEBUG o.s.c.g.r.RouteDefinitionRouteLocator -   - RouteDefinition ReactiveCompositeDiscoveryClient_ACCOUNT-SERVICE applying filter {regexp=/account-service/?(?<remaining>.*), replacement=/${remaining}} to RewritePath
2026-07-22 10:05:27.377 [DiscoveryClient-CacheRefreshExecutor-%d] DEBUG o.s.c.g.r.RouteDefinitionRouteLocator -   - RouteDefinition matched: ReactiveCompositeDiscoveryClient_ACCOUNT-SERVICE
2026-07-22 10:05:27.377 [DiscoveryClient-CacheRefreshExecutor-%d] DEBUG o.s.c.g.r.RouteDefinitionRouteLocator -   - RouteDefinition ReactiveCompositeDiscoveryClient_AUTH-SERVICE applying {pattern=/auth-service/**} to Path
2026-07-22 10:05:27.377 [DiscoveryClient-CacheRefreshExecutor-%d] DEBUG o.s.c.g.r.RouteDefinitionRouteLocator -   - RouteDefinition ReactiveCompositeDiscoveryClient_AUTH-SERVICE applying filter {regexp=/auth-service/?(?<remaining>.*), replacement=/${remaining}} to RewritePath
2026-07-22 10:05:27.378 [DiscoveryClient-CacheRefreshExecutor-%d] DEBUG o.s.c.g.r.RouteDefinitionRouteLocator -   - RouteDefinition matched: ReactiveCompositeDiscoveryClient_AUTH-SERVICE
2026-07-22 10:05:27.378 [DiscoveryClient-CacheRefreshExecutor-%d] DEBUG o.s.c.g.r.RouteDefinitionRouteLocator -   - RouteDefinition ReactiveCompositeDiscoveryClient_CONFIG-SERVER applying {pattern=/config-server/**} to Path
2026-07-22 10:05:27.378 [DiscoveryClient-CacheRefreshExecutor-%d] DEBUG o.s.c.g.r.RouteDefinitionRouteLocator -   - RouteDefinition ReactiveCompositeDiscoveryClient_CONFIG-SERVER applying filter {regexp=/config-server/?(?<remaining>.*), replacement=/${remaining}} to RewritePath
2026-07-22 10:05:27.378 [DiscoveryClient-CacheRefreshExecutor-%d] DEBUG o.s.c.g.r.RouteDefinitionRouteLocator -   - RouteDefinition matched: ReactiveCompositeDiscoveryClient_CONFIG-SERVER
2026-07-22 10:05:27.378 [DiscoveryClient-CacheRefreshExecutor-%d] DEBUG o.s.c.g.r.RouteDefinitionRouteLocator -   - RouteDefinition ReactiveCompositeDiscoveryClient_WALLET-SERVICE applying {pattern=/wallet-service/**} to Path
2026-07-22 10:05:27.378 [DiscoveryClient-CacheRefreshExecutor-%d] DEBUG o.s.c.g.r.RouteDefinitionRouteLocator -   - RouteDefinition ReactiveCompositeDiscoveryClient_WALLET-SERVICE applying filter {regexp=/wallet-service/?(?<remaining>.*), replacement=/${remaining}} to RewritePath
2026-07-22 10:05:27.378 [DiscoveryClient-CacheRefreshExecutor-%d] DEBUG o.s.c.g.r.RouteDefinitionRouteLocator -   - RouteDefinition matched: ReactiveCompositeDiscoveryClient_WALLET-SERVICE
2026-07-22 10:05:27.379 [DiscoveryClient-CacheRefreshExecutor-%d] DEBUG o.s.c.g.r.RouteDefinitionRouteLocator -   - RouteDefinition auth-service applying {_genkey_0=/api/auth/**} to Path
2026-07-22 10:05:27.379 [DiscoveryClient-CacheRefreshExecutor-%d] DEBUG o.s.c.g.r.RouteDefinitionRouteLocator -   - RouteDefinition matched: auth-service
2026-07-22 10:05:27.379 [DiscoveryClient-CacheRefreshExecutor-%d] DEBUG o.s.c.g.r.RouteDefinitionRouteLocator -   - RouteDefinition wallet-service applying {_genkey_0=/api/wallets/**} to Path
2026-07-22 10:05:27.379 [DiscoveryClient-CacheRefreshExecutor-%d] DEBUG o.s.c.g.r.RouteDefinitionRouteLocator -   - RouteDefinition wallet-service applying filter {name=walletServiceCB, fallbackuri=forward:/fallback/wallets} to CircuitBreaker
2026-07-22 10:05:27.379 [DiscoveryClient-CacheRefreshExecutor-%d] DEBUG o.s.c.g.r.RouteDefinitionRouteLocator -   - RouteDefinition matched: wallet-service
2026-07-22 10:05:27.379 [DiscoveryClient-CacheRefreshExecutor-%d] DEBUG o.s.c.g.r.RouteDefinitionRouteLocator -   - RouteDefinition account-service applying {_genkey_0=/api/accounts/**} to Path
2026-07-22 10:05:27.380 [DiscoveryClient-CacheRefreshExecutor-%d] DEBUG o.s.c.g.r.RouteDefinitionRouteLocator -   - RouteDefinition account-service applying filter {name=accountServiceCB, fallbackuri=forward:/fallback/accounts} to CircuitBreaker
2026-07-22 10:05:27.380 [DiscoveryClient-CacheRefreshExecutor-%d] DEBUG o.s.c.g.r.RouteDefinitionRouteLocator -   - RouteDefinition matched: account-service
2026-07-22 10:05:27.380 [DiscoveryClient-CacheRefreshExecutor-%d] DEBUG o.s.c.g.r.RouteDefinitionRouteLocator -   - RouteDefinition customer-service applying {_genkey_0=/api/customers/**} to Path
2026-07-22 10:05:27.380 [DiscoveryClient-CacheRefreshExecutor-%d] DEBUG o.s.c.g.r.RouteDefinitionRouteLocator -   - RouteDefinition customer-service applying filter {name=customerServiceCB, fallbackuri=forward:/fallback/customers} to CircuitBreaker
2026-07-22 10:05:27.380 [DiscoveryClient-CacheRefreshExecutor-%d] DEBUG o.s.c.g.r.RouteDefinitionRouteLocator -   - RouteDefinition matched: customer-service
2026-07-22 10:05:27.381 [DiscoveryClient-CacheRefreshExecutor-%d] DEBUG o.s.c.g.filter.GatewayMetricsFilter -   - New routes count: 10
2026-07-22 10:05:57.373 [DiscoveryClient-HeartbeatExecutor-%d] DEBUG o.s.web.client.RestTemplate -   - HTTP PUT http://localhost:8761/eureka/apps/API-GATEWAY/10.132.124.77:api-gateway:8080?status=UP&lastDirtyTimestamp=1784693810372
2026-07-22 10:05:57.376 [DiscoveryClient-HeartbeatExecutor-%d] DEBUG o.s.web.client.RestTemplate -   - Accept=[application/json, application/yaml, application/*+json]
2026-07-22 10:05:57.379 [DiscoveryClient-HeartbeatExecutor-%d] DEBUG o.s.web.client.RestTemplate -   - Response 200 OK
2026-07-22 10:05:57.382 [DiscoveryClient-CacheRefreshExecutor-%d] DEBUG o.s.web.client.RestTemplate -   - HTTP GET http://localhost:8761/eureka/apps/delta
2026-07-22 10:05:57.382 [DiscoveryClient-CacheRefreshExecutor-%d] DEBUG o.s.web.client.RestTemplate -   - Accept=[application/json, application/yaml, application/*+json]
2026-07-22 10:05:57.384 [DiscoveryClient-CacheRefreshExecutor-%d] DEBUG o.s.web.client.RestTemplate -   - Response 200 OK
2026-07-22 10:05:57.384 [DiscoveryClient-CacheRefreshExecutor-%d] DEBUG o.s.web.client.RestTemplate -   - Reading to [org.springframework.cloud.netflix.eureka.http.EurekaApplications]
2026-07-22 10:05:57.385 [DiscoveryClient-CacheRefreshExecutor-%d] DEBUG o.s.c.g.r.RouteDefinitionRouteLocator -   - RouteDefinition ReactiveCompositeDiscoveryClient_API-GATEWAY applying {pattern=/api-gateway/**} to Path
2026-07-22 10:05:57.386 [DiscoveryClient-CacheRefreshExecutor-%d] DEBUG o.s.c.g.r.RouteDefinitionRouteLocator -   - RouteDefinition ReactiveCompositeDiscoveryClient_API-GATEWAY applying filter {regexp=/api-gateway/?(?<remaining>.*), replacement=/${remaining}} to RewritePath
2026-07-22 10:05:57.386 [DiscoveryClient-CacheRefreshExecutor-%d] DEBUG o.s.c.g.r.RouteDefinitionRouteLocator -   - RouteDefinition matched: ReactiveCompositeDiscoveryClient_API-GATEWAY
2026-07-22 10:05:57.387 [DiscoveryClient-CacheRefreshExecutor-%d] DEBUG o.s.c.g.r.RouteDefinitionRouteLocator -   - RouteDefinition ReactiveCompositeDiscoveryClient_CUSTOMER-SERVICE applying {pattern=/customer-service/**} to Path
2026-07-22 10:05:57.387 [DiscoveryClient-CacheRefreshExecutor-%d] DEBUG o.s.c.g.r.RouteDefinitionRouteLocator -   - RouteDefinition ReactiveCompositeDiscoveryClient_CUSTOMER-SERVICE applying filter {regexp=/customer-service/?(?<remaining>.*), replacement=/${remaining}} to RewritePath
2026-07-22 10:05:57.387 [DiscoveryClient-CacheRefreshExecutor-%d] DEBUG o.s.c.g.r.RouteDefinitionRouteLocator -   - RouteDefinition matched: ReactiveCompositeDiscoveryClient_CUSTOMER-SERVICE
2026-07-22 10:05:57.387 [DiscoveryClient-CacheRefreshExecutor-%d] DEBUG o.s.c.g.r.RouteDefinitionRouteLocator -   - RouteDefinition ReactiveCompositeDiscoveryClient_ACCOUNT-SERVICE applying {pattern=/account-service/**} to Path
2026-07-22 10:05:57.387 [DiscoveryClient-CacheRefreshExecutor-%d] DEBUG o.s.c.g.r.RouteDefinitionRouteLocator -   - RouteDefinition ReactiveCompositeDiscoveryClient_ACCOUNT-SERVICE applying filter {regexp=/account-service/?(?<remaining>.*), replacement=/${remaining}} to RewritePath
2026-07-22 10:05:57.388 [DiscoveryClient-CacheRefreshExecutor-%d] DEBUG o.s.c.g.r.RouteDefinitionRouteLocator -   - RouteDefinition matched: ReactiveCompositeDiscoveryClient_ACCOUNT-SERVICE
2026-07-22 10:05:57.388 [DiscoveryClient-CacheRefreshExecutor-%d] DEBUG o.s.c.g.r.RouteDefinitionRouteLocator -   - RouteDefinition ReactiveCompositeDiscoveryClient_AUTH-SERVICE applying {pattern=/auth-service/**} to Path
2026-07-22 10:05:57.388 [DiscoveryClient-CacheRefreshExecutor-%d] DEBUG o.s.c.g.r.RouteDefinitionRouteLocator -   - RouteDefinition ReactiveCompositeDiscoveryClient_AUTH-SERVICE applying filter {regexp=/auth-service/?(?<remaining>.*), replacement=/${remaining}} to RewritePath
2026-07-22 10:05:57.388 [DiscoveryClient-CacheRefreshExecutor-%d] DEBUG o.s.c.g.r.RouteDefinitionRouteLocator -   - RouteDefinition matched: ReactiveCompositeDiscoveryClient_AUTH-SERVICE
2026-07-22 10:05:57.388 [DiscoveryClient-CacheRefreshExecutor-%d] DEBUG o.s.c.g.r.RouteDefinitionRouteLocator -   - RouteDefinition ReactiveCompositeDiscoveryClient_CONFIG-SERVER applying {pattern=/config-server/**} to Path
2026-07-22 10:05:57.388 [DiscoveryClient-CacheRefreshExecutor-%d] DEBUG o.s.c.g.r.RouteDefinitionRouteLocator -   - RouteDefinition ReactiveCompositeDiscoveryClient_CONFIG-SERVER applying filter {regexp=/config-server/?(?<remaining>.*), replacement=/${remaining}} to RewritePath
2026-07-22 10:05:57.388 [DiscoveryClient-CacheRefreshExecutor-%d] DEBUG o.s.c.g.r.RouteDefinitionRouteLocator -   - RouteDefinition matched: ReactiveCompositeDiscoveryClient_CONFIG-SERVER
2026-07-22 10:05:57.388 [DiscoveryClient-CacheRefreshExecutor-%d] DEBUG o.s.c.g.r.RouteDefinitionRouteLocator -   - RouteDefinition ReactiveCompositeDiscoveryClient_WALLET-SERVICE applying {pattern=/wallet-service/**} to Path
2026-07-22 10:05:57.389 [DiscoveryClient-CacheRefreshExecutor-%d] DEBUG o.s.c.g.r.RouteDefinitionRouteLocator -   - RouteDefinition ReactiveCompositeDiscoveryClient_WALLET-SERVICE applying filter {regexp=/wallet-service/?(?<remaining>.*), replacement=/${remaining}} to RewritePath
2026-07-22 10:05:57.389 [DiscoveryClient-CacheRefreshExecutor-%d] DEBUG o.s.c.g.r.RouteDefinitionRouteLocator -   - RouteDefinition matched: ReactiveCompositeDiscoveryClient_WALLET-SERVICE
2026-07-22 10:05:57.389 [DiscoveryClient-CacheRefreshExecutor-%d] DEBUG o.s.c.g.r.RouteDefinitionRouteLocator -   - RouteDefinition auth-service applying {_genkey_0=/api/auth/**} to Path
2026-07-22 10:05:57.389 [DiscoveryClient-CacheRefreshExecutor-%d] DEBUG o.s.c.g.r.RouteDefinitionRouteLocator -   - RouteDefinition matched: auth-service
2026-07-22 10:05:57.389 [DiscoveryClient-CacheRefreshExecutor-%d] DEBUG o.s.c.g.r.RouteDefinitionRouteLocator -   - RouteDefinition wallet-service applying {_genkey_0=/api/wallets/**} to Path
2026-07-22 10:05:57.389 [DiscoveryClient-CacheRefreshExecutor-%d] DEBUG o.s.c.g.r.RouteDefinitionRouteLocator -   - RouteDefinition wallet-service applying filter {name=walletServiceCB, fallbackuri=forward:/fallback/wallets} to CircuitBreaker
2026-07-22 10:05:57.390 [DiscoveryClient-CacheRefreshExecutor-%d] DEBUG o.s.c.g.r.RouteDefinitionRouteLocator -   - RouteDefinition matched: wallet-service
2026-07-22 10:05:57.390 [DiscoveryClient-CacheRefreshExecutor-%d] DEBUG o.s.c.g.r.RouteDefinitionRouteLocator -   - RouteDefinition account-service applying {_genkey_0=/api/accounts/**} to Path
2026-07-22 10:05:57.391 [DiscoveryClient-CacheRefreshExecutor-%d] DEBUG o.s.c.g.r.RouteDefinitionRouteLocator -   - RouteDefinition account-service applying filter {name=accountServiceCB, fallbackuri=forward:/fallback/accounts} to CircuitBreaker
2026-07-22 10:05:57.391 [DiscoveryClient-CacheRefreshExecutor-%d] DEBUG o.s.c.g.r.RouteDefinitionRouteLocator -   - RouteDefinition matched: account-service
2026-07-22 10:05:57.391 [DiscoveryClient-CacheRefreshExecutor-%d] DEBUG o.s.c.g.r.RouteDefinitionRouteLocator -   - RouteDefinition customer-service applying {_genkey_0=/api/customers/**} to Path
2026-07-22 10:05:57.391 [DiscoveryClient-CacheRefreshExecutor-%d] DEBUG o.s.c.g.r.RouteDefinitionRouteLocator -   - RouteDefinition customer-service applying filter {name=customerServiceCB, fallbackuri=forward:/fallback/customers} to CircuitBreaker
2026-07-22 10:05:57.392 [DiscoveryClient-CacheRefreshExecutor-%d] DEBUG o.s.c.g.r.RouteDefinitionRouteLocator -   - RouteDefinition matched: customer-service
2026-07-22 10:05:57.392 [DiscoveryClient-CacheRefreshExecutor-%d] DEBUG o.s.c.g.filter.GatewayMetricsFilter -   - New routes count: 10
2026-07-22 10:06:27.381 [DiscoveryClient-HeartbeatExecutor-%d] DEBUG o.s.web.client.RestTemplate -   - HTTP PUT http://localhost:8761/eureka/apps/API-GATEWAY/10.132.124.77:api-gateway:8080?status=UP&lastDirtyTimestamp=1784693810372
2026-07-22 10:06:27.384 [DiscoveryClient-HeartbeatExecutor-%d] DEBUG o.s.web.client.RestTemplate -   - Accept=[application/json, application/yaml, application/*+json]
2026-07-22 10:06:27.387 [DiscoveryClient-HeartbeatExecutor-%d] DEBUG o.s.web.client.RestTemplate -   - Response 200 OK
2026-07-22 10:06:27.395 [DiscoveryClient-CacheRefreshExecutor-%d] DEBUG o.s.web.client.RestTemplate -   - HTTP GET http://localhost:8761/eureka/apps/delta
2026-07-22 10:06:27.395 [DiscoveryClient-CacheRefreshExecutor-%d] DEBUG o.s.web.client.RestTemplate -   - Accept=[application/json, application/yaml, application/*+json]
2026-07-22 10:06:27.397 [DiscoveryClient-CacheRefreshExecutor-%d] DEBUG o.s.web.client.RestTemplate -   - Response 200 OK
2026-07-22 10:06:27.397 [DiscoveryClient-CacheRefreshExecutor-%d] DEBUG o.s.web.client.RestTemplate -   - Reading to [org.springframework.cloud.netflix.eureka.http.EurekaApplications]
2026-07-22 10:06:27.398 [DiscoveryClient-CacheRefreshExecutor-%d] DEBUG o.s.c.g.r.RouteDefinitionRouteLocator -   - RouteDefinition ReactiveCompositeDiscoveryClient_API-GATEWAY applying {pattern=/api-gateway/**} to Path
2026-07-22 10:06:27.399 [DiscoveryClient-CacheRefreshExecutor-%d] DEBUG o.s.c.g.r.RouteDefinitionRouteLocator -   - RouteDefinition ReactiveCompositeDiscoveryClient_API-GATEWAY applying filter {regexp=/api-gateway/?(?<remaining>.*), replacement=/${remaining}} to RewritePath
2026-07-22 10:06:27.399 [DiscoveryClient-CacheRefreshExecutor-%d] DEBUG o.s.c.g.r.RouteDefinitionRouteLocator -   - RouteDefinition matched: ReactiveCompositeDiscoveryClient_API-GATEWAY
2026-07-22 10:06:27.400 [DiscoveryClient-CacheRefreshExecutor-%d] DEBUG o.s.c.g.r.RouteDefinitionRouteLocator -   - RouteDefinition ReactiveCompositeDiscoveryClient_CUSTOMER-SERVICE applying {pattern=/customer-service/**} to Path
2026-07-22 10:06:27.400 [DiscoveryClient-CacheRefreshExecutor-%d] DEBUG o.s.c.g.r.RouteDefinitionRouteLocator -   - RouteDefinition ReactiveCompositeDiscoveryClient_CUSTOMER-SERVICE applying filter {regexp=/customer-service/?(?<remaining>.*), replacement=/${remaining}} to RewritePath
2026-07-22 10:06:27.400 [DiscoveryClient-CacheRefreshExecutor-%d] DEBUG o.s.c.g.r.RouteDefinitionRouteLocator -   - RouteDefinition matched: ReactiveCompositeDiscoveryClient_CUSTOMER-SERVICE
2026-07-22 10:06:27.400 [DiscoveryClient-CacheRefreshExecutor-%d] DEBUG o.s.c.g.r.RouteDefinitionRouteLocator -   - RouteDefinition ReactiveCompositeDiscoveryClient_ACCOUNT-SERVICE applying {pattern=/account-service/**} to Path
2026-07-22 10:06:27.400 [DiscoveryClient-CacheRefreshExecutor-%d] DEBUG o.s.c.g.r.RouteDefinitionRouteLocator -   - RouteDefinition ReactiveCompositeDiscoveryClient_ACCOUNT-SERVICE applying filter {regexp=/account-service/?(?<remaining>.*), replacement=/${remaining}} to RewritePath
2026-07-22 10:06:27.400 [DiscoveryClient-CacheRefreshExecutor-%d] DEBUG o.s.c.g.r.RouteDefinitionRouteLocator -   - RouteDefinition matched: ReactiveCompositeDiscoveryClient_ACCOUNT-SERVICE
2026-07-22 10:06:27.400 [DiscoveryClient-CacheRefreshExecutor-%d] DEBUG o.s.c.g.r.RouteDefinitionRouteLocator -   - RouteDefinition ReactiveCompositeDiscoveryClient_AUTH-SERVICE applying {pattern=/auth-service/**} to Path
2026-07-22 10:06:27.401 [DiscoveryClient-CacheRefreshExecutor-%d] DEBUG o.s.c.g.r.RouteDefinitionRouteLocator -   - RouteDefinition ReactiveCompositeDiscoveryClient_AUTH-SERVICE applying filter {regexp=/auth-service/?(?<remaining>.*), replacement=/${remaining}} to RewritePath
2026-07-22 10:06:27.401 [DiscoveryClient-CacheRefreshExecutor-%d] DEBUG o.s.c.g.r.RouteDefinitionRouteLocator -   - RouteDefinition matched: ReactiveCompositeDiscoveryClient_AUTH-SERVICE
2026-07-22 10:06:27.401 [DiscoveryClient-CacheRefreshExecutor-%d] DEBUG o.s.c.g.r.RouteDefinitionRouteLocator -   - RouteDefinition ReactiveCompositeDiscoveryClient_CONFIG-SERVER applying {pattern=/config-server/**} to Path
2026-07-22 10:06:27.401 [DiscoveryClient-CacheRefreshExecutor-%d] DEBUG o.s.c.g.r.RouteDefinitionRouteLocator -   - RouteDefinition ReactiveCompositeDiscoveryClient_CONFIG-SERVER applying filter {regexp=/config-server/?(?<remaining>.*), replacement=/${remaining}} to RewritePath
2026-07-22 10:06:27.401 [DiscoveryClient-CacheRefreshExecutor-%d] DEBUG o.s.c.g.r.RouteDefinitionRouteLocator -   - RouteDefinition matched: ReactiveCompositeDiscoveryClient_CONFIG-SERVER
2026-07-22 10:06:27.401 [DiscoveryClient-CacheRefreshExecutor-%d] DEBUG o.s.c.g.r.RouteDefinitionRouteLocator -   - RouteDefinition ReactiveCompositeDiscoveryClient_WALLET-SERVICE applying {pattern=/wallet-service/**} to Path
2026-07-22 10:06:27.402 [DiscoveryClient-CacheRefreshExecutor-%d] DEBUG o.s.c.g.r.RouteDefinitionRouteLocator -   - RouteDefinition ReactiveCompositeDiscoveryClient_WALLET-SERVICE applying filter {regexp=/wallet-service/?(?<remaining>.*), replacement=/${remaining}} to RewritePath
2026-07-22 10:06:27.402 [DiscoveryClient-CacheRefreshExecutor-%d] DEBUG o.s.c.g.r.RouteDefinitionRouteLocator -   - RouteDefinition matched: ReactiveCompositeDiscoveryClient_WALLET-SERVICE
2026-07-22 10:06:27.402 [DiscoveryClient-CacheRefreshExecutor-%d] DEBUG o.s.c.g.r.RouteDefinitionRouteLocator -   - RouteDefinition auth-service applying {_genkey_0=/api/auth/**} to Path
2026-07-22 10:06:27.402 [DiscoveryClient-CacheRefreshExecutor-%d] DEBUG o.s.c.g.r.RouteDefinitionRouteLocator -   - RouteDefinition matched: auth-service
2026-07-22 10:06:27.403 [DiscoveryClient-CacheRefreshExecutor-%d] DEBUG o.s.c.g.r.RouteDefinitionRouteLocator -   - RouteDefinition wallet-service applying {_genkey_0=/api/wallets/**} to Path
2026-07-22 10:06:27.403 [DiscoveryClient-CacheRefreshExecutor-%d] DEBUG o.s.c.g.r.RouteDefinitionRouteLocator -   - RouteDefinition wallet-service applying filter {name=walletServiceCB, fallbackuri=forward:/fallback/wallets} to CircuitBreaker
2026-07-22 10:06:27.404 [DiscoveryClient-CacheRefreshExecutor-%d] DEBUG o.s.c.g.r.RouteDefinitionRouteLocator -   - RouteDefinition matched: wallet-service
2026-07-22 10:06:27.404 [DiscoveryClient-CacheRefreshExecutor-%d] DEBUG o.s.c.g.r.RouteDefinitionRouteLocator -   - RouteDefinition account-service applying {_genkey_0=/api/accounts/**} to Path
2026-07-22 10:06:27.404 [DiscoveryClient-CacheRefreshExecutor-%d] DEBUG o.s.c.g.r.RouteDefinitionRouteLocator -   - RouteDefinition account-service applying filter {name=accountServiceCB, fallbackuri=forward:/fallback/accounts} to CircuitBreaker
2026-07-22 10:06:27.404 [DiscoveryClient-CacheRefreshExecutor-%d] DEBUG o.s.c.g.r.RouteDefinitionRouteLocator -   - RouteDefinition matched: account-service
2026-07-22 10:06:27.404 [DiscoveryClient-CacheRefreshExecutor-%d] DEBUG o.s.c.g.r.RouteDefinitionRouteLocator -   - RouteDefinition customer-service applying {_genkey_0=/api/customers/**} to Path
2026-07-22 10:06:27.404 [DiscoveryClient-CacheRefreshExecutor-%d] DEBUG o.s.c.g.r.RouteDefinitionRouteLocator -   - RouteDefinition customer-service applying filter {name=customerServiceCB, fallbackuri=forward:/fallback/customers} to CircuitBreaker
2026-07-22 10:06:27.405 [DiscoveryClient-CacheRefreshExecutor-%d] DEBUG o.s.c.g.r.RouteDefinitionRouteLocator -   - RouteDefinition matched: customer-service
2026-07-22 10:06:27.405 [DiscoveryClient-CacheRefreshExecutor-%d] DEBUG o.s.c.g.filter.GatewayMetricsFilter -   - New routes count: 10
2026-07-22 10:06:57.389 [DiscoveryClient-HeartbeatExecutor-%d] DEBUG o.s.web.client.RestTemplate -   - HTTP PUT http://localhost:8761/eureka/apps/API-GATEWAY/10.132.124.77:api-gateway:8080?status=UP&lastDirtyTimestamp=1784693810372
2026-07-22 10:06:57.392 [DiscoveryClient-HeartbeatExecutor-%d] DEBUG o.s.web.client.RestTemplate -   - Accept=[application/json, application/yaml, application/*+json]
2026-07-22 10:06:57.395 [DiscoveryClient-HeartbeatExecutor-%d] DEBUG o.s.web.client.RestTemplate -   - Response 200 OK
2026-07-22 10:06:57.408 [DiscoveryClient-CacheRefreshExecutor-%d] DEBUG o.s.web.client.RestTemplate -   - HTTP GET http://localhost:8761/eureka/apps/delta
2026-07-22 10:06:57.409 [DiscoveryClient-CacheRefreshExecutor-%d] DEBUG o.s.web.client.RestTemplate -   - Accept=[application/json, application/yaml, application/*+json]
2026-07-22 10:06:57.411 [DiscoveryClient-CacheRefreshExecutor-%d] DEBUG o.s.web.client.RestTemplate -   - Response 200 OK
2026-07-22 10:06:57.411 [DiscoveryClient-CacheRefreshExecutor-%d] DEBUG o.s.web.client.RestTemplate -   - Reading to [org.springframework.cloud.netflix.eureka.http.EurekaApplications]
2026-07-22 10:06:57.412 [DiscoveryClient-CacheRefreshExecutor-%d] DEBUG o.s.c.g.r.RouteDefinitionRouteLocator -   - RouteDefinition ReactiveCompositeDiscoveryClient_API-GATEWAY applying {pattern=/api-gateway/**} to Path
2026-07-22 10:06:57.414 [DiscoveryClient-CacheRefreshExecutor-%d] DEBUG o.s.c.g.r.RouteDefinitionRouteLocator -   - RouteDefinition ReactiveCompositeDiscoveryClient_API-GATEWAY applying filter {regexp=/api-gateway/?(?<remaining>.*), replacement=/${remaining}} to RewritePath
2026-07-22 10:06:57.414 [DiscoveryClient-CacheRefreshExecutor-%d] DEBUG o.s.c.g.r.RouteDefinitionRouteLocator -   - RouteDefinition matched: ReactiveCompositeDiscoveryClient_API-GATEWAY
2026-07-22 10:06:57.414 [DiscoveryClient-CacheRefreshExecutor-%d] DEBUG o.s.c.g.r.RouteDefinitionRouteLocator -   - RouteDefinition ReactiveCompositeDiscoveryClient_CUSTOMER-SERVICE applying {pattern=/customer-service/**} to Path
2026-07-22 10:06:57.414 [DiscoveryClient-CacheRefreshExecutor-%d] DEBUG o.s.c.g.r.RouteDefinitionRouteLocator -   - RouteDefinition ReactiveCompositeDiscoveryClient_CUSTOMER-SERVICE applying filter {regexp=/customer-service/?(?<remaining>.*), replacement=/${remaining}} to RewritePath
2026-07-22 10:06:57.415 [DiscoveryClient-CacheRefreshExecutor-%d] DEBUG o.s.c.g.r.RouteDefinitionRouteLocator -   - RouteDefinition matched: ReactiveCompositeDiscoveryClient_CUSTOMER-SERVICE
2026-07-22 10:06:57.415 [DiscoveryClient-CacheRefreshExecutor-%d] DEBUG o.s.c.g.r.RouteDefinitionRouteLocator -   - RouteDefinition ReactiveCompositeDiscoveryClient_ACCOUNT-SERVICE applying {pattern=/account-service/**} to Path
2026-07-22 10:06:57.415 [DiscoveryClient-CacheRefreshExecutor-%d] DEBUG o.s.c.g.r.RouteDefinitionRouteLocator -   - RouteDefinition ReactiveCompositeDiscoveryClient_ACCOUNT-SERVICE applying filter {regexp=/account-service/?(?<remaining>.*), replacement=/${remaining}} to RewritePath
2026-07-22 10:06:57.415 [DiscoveryClient-CacheRefreshExecutor-%d] DEBUG o.s.c.g.r.RouteDefinitionRouteLocator -   - RouteDefinition matched: ReactiveCompositeDiscoveryClient_ACCOUNT-SERVICE
2026-07-22 10:06:57.415 [DiscoveryClient-CacheRefreshExecutor-%d] DEBUG o.s.c.g.r.RouteDefinitionRouteLocator -   - RouteDefinition ReactiveCompositeDiscoveryClient_AUTH-SERVICE applying {pattern=/auth-service/**} to Path
2026-07-22 10:06:57.415 [DiscoveryClient-CacheRefreshExecutor-%d] DEBUG o.s.c.g.r.RouteDefinitionRouteLocator -   - RouteDefinition ReactiveCompositeDiscoveryClient_AUTH-SERVICE applying filter {regexp=/auth-service/?(?<remaining>.*), replacement=/${remaining}} to RewritePath
2026-07-22 10:06:57.416 [DiscoveryClient-CacheRefreshExecutor-%d] DEBUG o.s.c.g.r.RouteDefinitionRouteLocator -   - RouteDefinition matched: ReactiveCompositeDiscoveryClient_AUTH-SERVICE
2026-07-22 10:06:57.416 [DiscoveryClient-CacheRefreshExecutor-%d] DEBUG o.s.c.g.r.RouteDefinitionRouteLocator -   - RouteDefinition ReactiveCompositeDiscoveryClient_CONFIG-SERVER applying {pattern=/config-server/**} to Path
2026-07-22 10:06:57.416 [DiscoveryClient-CacheRefreshExecutor-%d] DEBUG o.s.c.g.r.RouteDefinitionRouteLocator -   - RouteDefinition ReactiveCompositeDiscoveryClient_CONFIG-SERVER applying filter {regexp=/config-server/?(?<remaining>.*), replacement=/${remaining}} to RewritePath
2026-07-22 10:06:57.416 [DiscoveryClient-CacheRefreshExecutor-%d] DEBUG o.s.c.g.r.RouteDefinitionRouteLocator -   - RouteDefinition matched: ReactiveCompositeDiscoveryClient_CONFIG-SERVER
2026-07-22 10:06:57.416 [DiscoveryClient-CacheRefreshExecutor-%d] DEBUG o.s.c.g.r.RouteDefinitionRouteLocator -   - RouteDefinition ReactiveCompositeDiscoveryClient_WALLET-SERVICE applying {pattern=/wallet-service/**} to Path
2026-07-22 10:06:57.416 [DiscoveryClient-CacheRefreshExecutor-%d] DEBUG o.s.c.g.r.RouteDefinitionRouteLocator -   - RouteDefinition ReactiveCompositeDiscoveryClient_WALLET-SERVICE applying filter {regexp=/wallet-service/?(?<remaining>.*), replacement=/${remaining}} to RewritePath
2026-07-22 10:06:57.417 [DiscoveryClient-CacheRefreshExecutor-%d] DEBUG o.s.c.g.r.RouteDefinitionRouteLocator -   - RouteDefinition matched: ReactiveCompositeDiscoveryClient_WALLET-SERVICE
2026-07-22 10:06:57.417 [DiscoveryClient-CacheRefreshExecutor-%d] DEBUG o.s.c.g.r.RouteDefinitionRouteLocator -   - RouteDefinition auth-service applying {_genkey_0=/api/auth/**} to Path
2026-07-22 10:06:57.417 [DiscoveryClient-CacheRefreshExecutor-%d] DEBUG o.s.c.g.r.RouteDefinitionRouteLocator -   - RouteDefinition matched: auth-service
2026-07-22 10:06:57.417 [DiscoveryClient-CacheRefreshExecutor-%d] DEBUG o.s.c.g.r.RouteDefinitionRouteLocator -   - RouteDefinition wallet-service applying {_genkey_0=/api/wallets/**} to Path
2026-07-22 10:06:57.417 [DiscoveryClient-CacheRefreshExecutor-%d] DEBUG o.s.c.g.r.RouteDefinitionRouteLocator -   - RouteDefinition wallet-service applying filter {name=walletServiceCB, fallbackuri=forward:/fallback/wallets} to CircuitBreaker
2026-07-22 10:06:57.418 [DiscoveryClient-CacheRefreshExecutor-%d] DEBUG o.s.c.g.r.RouteDefinitionRouteLocator -   - RouteDefinition matched: wallet-service
2026-07-22 10:06:57.418 [DiscoveryClient-CacheRefreshExecutor-%d] DEBUG o.s.c.g.r.RouteDefinitionRouteLocator -   - RouteDefinition account-service applying {_genkey_0=/api/accounts/**} to Path
2026-07-22 10:06:57.418 [DiscoveryClient-CacheRefreshExecutor-%d] DEBUG o.s.c.g.r.RouteDefinitionRouteLocator -   - RouteDefinition account-service applying filter {name=accountServiceCB, fallbackuri=forward:/fallback/accounts} to CircuitBreaker
2026-07-22 10:06:57.418 [DiscoveryClient-CacheRefreshExecutor-%d] DEBUG o.s.c.g.r.RouteDefinitionRouteLocator -   - RouteDefinition matched: account-service
2026-07-22 10:06:57.418 [DiscoveryClient-CacheRefreshExecutor-%d] DEBUG o.s.c.g.r.RouteDefinitionRouteLocator -   - RouteDefinition customer-service applying {_genkey_0=/api/customers/**} to Path
2026-07-22 10:06:57.418 [DiscoveryClient-CacheRefreshExecutor-%d] DEBUG o.s.c.g.r.RouteDefinitionRouteLocator -   - RouteDefinition customer-service applying filter {name=customerServiceCB, fallbackuri=forward:/fallback/customers} to CircuitBreaker
2026-07-22 10:06:57.418 [DiscoveryClient-CacheRefreshExecutor-%d] DEBUG o.s.c.g.r.RouteDefinitionRouteLocator -   - RouteDefinition matched: customer-service
2026-07-22 10:06:57.419 [DiscoveryClient-CacheRefreshExecutor-%d] DEBUG o.s.c.g.filter.GatewayMetricsFilter -   - New routes count: 10
2026-07-22 10:07:27.396 [DiscoveryClient-HeartbeatExecutor-%d] DEBUG o.s.web.client.RestTemplate -   - HTTP PUT http://localhost:8761/eureka/apps/API-GATEWAY/10.132.124.77:api-gateway:8080?status=UP&lastDirtyTimestamp=1784693810372
2026-07-22 10:07:27.399 [DiscoveryClient-HeartbeatExecutor-%d] DEBUG o.s.web.client.RestTemplate -   - Accept=[application/json, application/yaml, application/*+json]
2026-07-22 10:07:27.402 [DiscoveryClient-HeartbeatExecutor-%d] DEBUG o.s.web.client.RestTemplate -   - Response 200 OK
2026-07-22 10:07:27.423 [DiscoveryClient-CacheRefreshExecutor-%d] DEBUG o.s.web.client.RestTemplate -   - HTTP GET http://localhost:8761/eureka/apps/delta
2026-07-22 10:07:27.424 [DiscoveryClient-CacheRefreshExecutor-%d] DEBUG o.s.web.client.RestTemplate -   - Accept=[application/json, application/yaml, application/*+json]
2026-07-22 10:07:27.426 [DiscoveryClient-CacheRefreshExecutor-%d] DEBUG o.s.web.client.RestTemplate -   - Response 200 OK
2026-07-22 10:07:27.426 [DiscoveryClient-CacheRefreshExecutor-%d] DEBUG o.s.web.client.RestTemplate -   - Reading to [org.springframework.cloud.netflix.eureka.http.EurekaApplications]
2026-07-22 10:07:27.428 [DiscoveryClient-CacheRefreshExecutor-%d] DEBUG o.s.c.g.r.RouteDefinitionRouteLocator -   - RouteDefinition ReactiveCompositeDiscoveryClient_API-GATEWAY applying {pattern=/api-gateway/**} to Path
2026-07-22 10:07:27.429 [DiscoveryClient-CacheRefreshExecutor-%d] DEBUG o.s.c.g.r.RouteDefinitionRouteLocator -   - RouteDefinition ReactiveCompositeDiscoveryClient_API-GATEWAY applying filter {regexp=/api-gateway/?(?<remaining>.*), replacement=/${remaining}} to RewritePath
2026-07-22 10:07:27.429 [DiscoveryClient-CacheRefreshExecutor-%d] DEBUG o.s.c.g.r.RouteDefinitionRouteLocator -   - RouteDefinition matched: ReactiveCompositeDiscoveryClient_API-GATEWAY
2026-07-22 10:07:27.429 [DiscoveryClient-CacheRefreshExecutor-%d] DEBUG o.s.c.g.r.RouteDefinitionRouteLocator -   - RouteDefinition ReactiveCompositeDiscoveryClient_CUSTOMER-SERVICE applying {pattern=/customer-service/**} to Path
2026-07-22 10:07:27.429 [DiscoveryClient-CacheRefreshExecutor-%d] DEBUG o.s.c.g.r.RouteDefinitionRouteLocator -   - RouteDefinition ReactiveCompositeDiscoveryClient_CUSTOMER-SERVICE applying filter {regexp=/customer-service/?(?<remaining>.*), replacement=/${remaining}} to RewritePath
2026-07-22 10:07:27.430 [DiscoveryClient-CacheRefreshExecutor-%d] DEBUG o.s.c.g.r.RouteDefinitionRouteLocator -   - RouteDefinition matched: ReactiveCompositeDiscoveryClient_CUSTOMER-SERVICE
2026-07-22 10:07:27.430 [DiscoveryClient-CacheRefreshExecutor-%d] DEBUG o.s.c.g.r.RouteDefinitionRouteLocator -   - RouteDefinition ReactiveCompositeDiscoveryClient_ACCOUNT-SERVICE applying {pattern=/account-service/**} to Path
2026-07-22 10:07:27.430 [DiscoveryClient-CacheRefreshExecutor-%d] DEBUG o.s.c.g.r.RouteDefinitionRouteLocator -   - RouteDefinition ReactiveCompositeDiscoveryClient_ACCOUNT-SERVICE applying filter {regexp=/account-service/?(?<remaining>.*), replacement=/${remaining}} to RewritePath
2026-07-22 10:07:27.430 [DiscoveryClient-CacheRefreshExecutor-%d] DEBUG o.s.c.g.r.RouteDefinitionRouteLocator -   - RouteDefinition matched: ReactiveCompositeDiscoveryClient_ACCOUNT-SERVICE
2026-07-22 10:07:27.430 [DiscoveryClient-CacheRefreshExecutor-%d] DEBUG o.s.c.g.r.RouteDefinitionRouteLocator -   - RouteDefinition ReactiveCompositeDiscoveryClient_AUTH-SERVICE applying {pattern=/auth-service/**} to Path
2026-07-22 10:07:27.431 [DiscoveryClient-CacheRefreshExecutor-%d] DEBUG o.s.c.g.r.RouteDefinitionRouteLocator -   - RouteDefinition ReactiveCompositeDiscoveryClient_AUTH-SERVICE applying filter {regexp=/auth-service/?(?<remaining>.*), replacement=/${remaining}} to RewritePath
2026-07-22 10:07:27.431 [DiscoveryClient-CacheRefreshExecutor-%d] DEBUG o.s.c.g.r.RouteDefinitionRouteLocator -   - RouteDefinition matched: ReactiveCompositeDiscoveryClient_AUTH-SERVICE
2026-07-22 10:07:27.431 [DiscoveryClient-CacheRefreshExecutor-%d] DEBUG o.s.c.g.r.RouteDefinitionRouteLocator -   - RouteDefinition ReactiveCompositeDiscoveryClient_CONFIG-SERVER applying {pattern=/config-server/**} to Path
2026-07-22 10:07:27.432 [DiscoveryClient-CacheRefreshExecutor-%d] DEBUG o.s.c.g.r.RouteDefinitionRouteLocator -   - RouteDefinition ReactiveCompositeDiscoveryClient_CONFIG-SERVER applying filter {regexp=/config-server/?(?<remaining>.*), replacement=/${remaining}} to RewritePath
2026-07-22 10:07:27.432 [DiscoveryClient-CacheRefreshExecutor-%d] DEBUG o.s.c.g.r.RouteDefinitionRouteLocator -   - RouteDefinition matched: ReactiveCompositeDiscoveryClient_CONFIG-SERVER
2026-07-22 10:07:27.432 [DiscoveryClient-CacheRefreshExecutor-%d] DEBUG o.s.c.g.r.RouteDefinitionRouteLocator -   - RouteDefinition ReactiveCompositeDiscoveryClient_WALLET-SERVICE applying {pattern=/wallet-service/**} to Path
2026-07-22 10:07:27.432 [DiscoveryClient-CacheRefreshExecutor-%d] DEBUG o.s.c.g.r.RouteDefinitionRouteLocator -   - RouteDefinition ReactiveCompositeDiscoveryClient_WALLET-SERVICE applying filter {regexp=/wallet-service/?(?<remaining>.*), replacement=/${remaining}} to RewritePath
2026-07-22 10:07:27.433 [DiscoveryClient-CacheRefreshExecutor-%d] DEBUG o.s.c.g.r.RouteDefinitionRouteLocator -   - RouteDefinition matched: ReactiveCompositeDiscoveryClient_WALLET-SERVICE
2026-07-22 10:07:27.433 [DiscoveryClient-CacheRefreshExecutor-%d] DEBUG o.s.c.g.r.RouteDefinitionRouteLocator -   - RouteDefinition auth-service applying {_genkey_0=/api/auth/**} to Path
2026-07-22 10:07:27.433 [DiscoveryClient-CacheRefreshExecutor-%d] DEBUG o.s.c.g.r.RouteDefinitionRouteLocator -   - RouteDefinition matched: auth-service
2026-07-22 10:07:27.433 [DiscoveryClient-CacheRefreshExecutor-%d] DEBUG o.s.c.g.r.RouteDefinitionRouteLocator -   - RouteDefinition wallet-service applying {_genkey_0=/api/wallets/**} to Path
2026-07-22 10:07:27.433 [DiscoveryClient-CacheRefreshExecutor-%d] DEBUG o.s.c.g.r.RouteDefinitionRouteLocator -   - RouteDefinition wallet-service applying filter {name=walletServiceCB, fallbackuri=forward:/fallback/wallets} to CircuitBreaker
2026-07-22 10:07:27.434 [DiscoveryClient-CacheRefreshExecutor-%d] DEBUG o.s.c.g.r.RouteDefinitionRouteLocator -   - RouteDefinition matched: wallet-service
2026-07-22 10:07:27.434 [DiscoveryClient-CacheRefreshExecutor-%d] DEBUG o.s.c.g.r.RouteDefinitionRouteLocator -   - RouteDefinition account-service applying {_genkey_0=/api/accounts/**} to Path
2026-07-22 10:07:27.435 [DiscoveryClient-CacheRefreshExecutor-%d] DEBUG o.s.c.g.r.RouteDefinitionRouteLocator -   - RouteDefinition account-service applying filter {name=accountServiceCB, fallbackuri=forward:/fallback/accounts} to CircuitBreaker
2026-07-22 10:07:27.435 [DiscoveryClient-CacheRefreshExecutor-%d] DEBUG o.s.c.g.r.RouteDefinitionRouteLocator -   - RouteDefinition matched: account-service
2026-07-22 10:07:27.435 [DiscoveryClient-CacheRefreshExecutor-%d] DEBUG o.s.c.g.r.RouteDefinitionRouteLocator -   - RouteDefinition customer-service applying {_genkey_0=/api/customers/**} to Path
2026-07-22 10:07:27.435 [DiscoveryClient-CacheRefreshExecutor-%d] DEBUG o.s.c.g.r.RouteDefinitionRouteLocator -   - RouteDefinition customer-service applying filter {name=customerServiceCB, fallbackuri=forward:/fallback/customers} to CircuitBreaker
2026-07-22 10:07:27.435 [DiscoveryClient-CacheRefreshExecutor-%d] DEBUG o.s.c.g.r.RouteDefinitionRouteLocator -   - RouteDefinition matched: customer-service
2026-07-22 10:07:27.436 [DiscoveryClient-CacheRefreshExecutor-%d] DEBUG o.s.c.g.filter.GatewayMetricsFilter -   - New routes count: 10
2026-07-22 10:07:57.404 [DiscoveryClient-HeartbeatExecutor-%d] DEBUG o.s.web.client.RestTemplate -   - HTTP PUT http://localhost:8761/eureka/apps/API-GATEWAY/10.132.124.77:api-gateway:8080?status=UP&lastDirtyTimestamp=1784693810372
2026-07-22 10:07:57.407 [DiscoveryClient-HeartbeatExecutor-%d] DEBUG o.s.web.client.RestTemplate -   - Accept=[application/json, application/yaml, application/*+json]
2026-07-22 10:07:57.410 [DiscoveryClient-HeartbeatExecutor-%d] DEBUG o.s.web.client.RestTemplate -   - Response 200 OK
2026-07-22 10:07:57.440 [DiscoveryClient-CacheRefreshExecutor-%d] DEBUG o.s.web.client.RestTemplate -   - HTTP GET http://localhost:8761/eureka/apps/delta
2026-07-22 10:07:57.441 [DiscoveryClient-CacheRefreshExecutor-%d] DEBUG o.s.web.client.RestTemplate -   - Accept=[application/json, application/yaml, application/*+json]
2026-07-22 10:07:57.444 [DiscoveryClient-CacheRefreshExecutor-%d] DEBUG o.s.web.client.RestTemplate -   - Response 200 OK
2026-07-22 10:07:57.445 [DiscoveryClient-CacheRefreshExecutor-%d] DEBUG o.s.web.client.RestTemplate -   - Reading to [org.springframework.cloud.netflix.eureka.http.EurekaApplications]
2026-07-22 10:07:57.446 [DiscoveryClient-CacheRefreshExecutor-%d] DEBUG o.s.c.g.r.RouteDefinitionRouteLocator -   - RouteDefinition ReactiveCompositeDiscoveryClient_API-GATEWAY applying {pattern=/api-gateway/**} to Path
2026-07-22 10:07:57.447 [DiscoveryClient-CacheRefreshExecutor-%d] DEBUG o.s.c.g.r.RouteDefinitionRouteLocator -   - RouteDefinition ReactiveCompositeDiscoveryClient_API-GATEWAY applying filter {regexp=/api-gateway/?(?<remaining>.*), replacement=/${remaining}} to RewritePath
2026-07-22 10:07:57.447 [DiscoveryClient-CacheRefreshExecutor-%d] DEBUG o.s.c.g.r.RouteDefinitionRouteLocator -   - RouteDefinition matched: ReactiveCompositeDiscoveryClient_API-GATEWAY
2026-07-22 10:07:57.447 [DiscoveryClient-CacheRefreshExecutor-%d] DEBUG o.s.c.g.r.RouteDefinitionRouteLocator -   - RouteDefinition ReactiveCompositeDiscoveryClient_CUSTOMER-SERVICE applying {pattern=/customer-service/**} to Path
2026-07-22 10:07:57.447 [DiscoveryClient-CacheRefreshExecutor-%d] DEBUG o.s.c.g.r.RouteDefinitionRouteLocator -   - RouteDefinition ReactiveCompositeDiscoveryClient_CUSTOMER-SERVICE applying filter {regexp=/customer-service/?(?<remaining>.*), replacement=/${remaining}} to RewritePath
2026-07-22 10:07:57.447 [DiscoveryClient-CacheRefreshExecutor-%d] DEBUG o.s.c.g.r.RouteDefinitionRouteLocator -   - RouteDefinition matched: ReactiveCompositeDiscoveryClient_CUSTOMER-SERVICE
2026-07-22 10:07:57.447 [DiscoveryClient-CacheRefreshExecutor-%d] DEBUG o.s.c.g.r.RouteDefinitionRouteLocator -   - RouteDefinition ReactiveCompositeDiscoveryClient_ACCOUNT-SERVICE applying {pattern=/account-service/**} to Path
2026-07-22 10:07:57.448 [DiscoveryClient-CacheRefreshExecutor-%d] DEBUG o.s.c.g.r.RouteDefinitionRouteLocator -   - RouteDefinition ReactiveCompositeDiscoveryClient_ACCOUNT-SERVICE applying filter {regexp=/account-service/?(?<remaining>.*), replacement=/${remaining}} to RewritePath
2026-07-22 10:07:57.448 [DiscoveryClient-CacheRefreshExecutor-%d] DEBUG o.s.c.g.r.RouteDefinitionRouteLocator -   - RouteDefinition matched: ReactiveCompositeDiscoveryClient_ACCOUNT-SERVICE
2026-07-22 10:07:57.448 [DiscoveryClient-CacheRefreshExecutor-%d] DEBUG o.s.c.g.r.RouteDefinitionRouteLocator -   - RouteDefinition ReactiveCompositeDiscoveryClient_AUTH-SERVICE applying {pattern=/auth-service/**} to Path
2026-07-22 10:07:57.448 [DiscoveryClient-CacheRefreshExecutor-%d] DEBUG o.s.c.g.r.RouteDefinitionRouteLocator -   - RouteDefinition ReactiveCompositeDiscoveryClient_AUTH-SERVICE applying filter {regexp=/auth-service/?(?<remaining>.*), replacement=/${remaining}} to RewritePath
2026-07-22 10:07:57.448 [DiscoveryClient-CacheRefreshExecutor-%d] DEBUG o.s.c.g.r.RouteDefinitionRouteLocator -   - RouteDefinition matched: ReactiveCompositeDiscoveryClient_AUTH-SERVICE
2026-07-22 10:07:57.449 [DiscoveryClient-CacheRefreshExecutor-%d] DEBUG o.s.c.g.r.RouteDefinitionRouteLocator -   - RouteDefinition ReactiveCompositeDiscoveryClient_CONFIG-SERVER applying {pattern=/config-server/**} to Path
2026-07-22 10:07:57.449 [DiscoveryClient-CacheRefreshExecutor-%d] DEBUG o.s.c.g.r.RouteDefinitionRouteLocator -   - RouteDefinition ReactiveCompositeDiscoveryClient_CONFIG-SERVER applying filter {regexp=/config-server/?(?<remaining>.*), replacement=/${remaining}} to RewritePath
2026-07-22 10:07:57.449 [DiscoveryClient-CacheRefreshExecutor-%d] DEBUG o.s.c.g.r.RouteDefinitionRouteLocator -   - RouteDefinition matched: ReactiveCompositeDiscoveryClient_CONFIG-SERVER
2026-07-22 10:07:57.449 [DiscoveryClient-CacheRefreshExecutor-%d] DEBUG o.s.c.g.r.RouteDefinitionRouteLocator -   - RouteDefinition ReactiveCompositeDiscoveryClient_WALLET-SERVICE applying {pattern=/wallet-service/**} to Path
2026-07-22 10:07:57.449 [DiscoveryClient-CacheRefreshExecutor-%d] DEBUG o.s.c.g.r.RouteDefinitionRouteLocator -   - RouteDefinition ReactiveCompositeDiscoveryClient_WALLET-SERVICE applying filter {regexp=/wallet-service/?(?<remaining>.*), replacement=/${remaining}} to RewritePath
2026-07-22 10:07:57.449 [DiscoveryClient-CacheRefreshExecutor-%d] DEBUG o.s.c.g.r.RouteDefinitionRouteLocator -   - RouteDefinition matched: ReactiveCompositeDiscoveryClient_WALLET-SERVICE
2026-07-22 10:07:57.449 [DiscoveryClient-CacheRefreshExecutor-%d] DEBUG o.s.c.g.r.RouteDefinitionRouteLocator -   - RouteDefinition auth-service applying {_genkey_0=/api/auth/**} to Path
2026-07-22 10:07:57.450 [DiscoveryClient-CacheRefreshExecutor-%d] DEBUG o.s.c.g.r.RouteDefinitionRouteLocator -   - RouteDefinition matched: auth-service
2026-07-22 10:07:57.450 [DiscoveryClient-CacheRefreshExecutor-%d] DEBUG o.s.c.g.r.RouteDefinitionRouteLocator -   - RouteDefinition wallet-service applying {_genkey_0=/api/wallets/**} to Path
2026-07-22 10:07:57.450 [DiscoveryClient-CacheRefreshExecutor-%d] DEBUG o.s.c.g.r.RouteDefinitionRouteLocator -   - RouteDefinition wallet-service applying filter {name=walletServiceCB, fallbackuri=forward:/fallback/wallets} to CircuitBreaker
2026-07-22 10:07:57.450 [DiscoveryClient-CacheRefreshExecutor-%d] DEBUG o.s.c.g.r.RouteDefinitionRouteLocator -   - RouteDefinition matched: wallet-service
2026-07-22 10:07:57.450 [DiscoveryClient-CacheRefreshExecutor-%d] DEBUG o.s.c.g.r.RouteDefinitionRouteLocator -   - RouteDefinition account-service applying {_genkey_0=/api/accounts/**} to Path
2026-07-22 10:07:57.451 [DiscoveryClient-CacheRefreshExecutor-%d] DEBUG o.s.c.g.r.RouteDefinitionRouteLocator -   - RouteDefinition account-service applying filter {name=accountServiceCB, fallbackuri=forward:/fallback/accounts} to CircuitBreaker
2026-07-22 10:07:57.451 [DiscoveryClient-CacheRefreshExecutor-%d] DEBUG o.s.c.g.r.RouteDefinitionRouteLocator -   - RouteDefinition matched: account-service
2026-07-22 10:07:57.451 [DiscoveryClient-CacheRefreshExecutor-%d] DEBUG o.s.c.g.r.RouteDefinitionRouteLocator -   - RouteDefinition customer-service applying {_genkey_0=/api/customers/**} to Path
2026-07-22 10:07:57.452 [DiscoveryClient-CacheRefreshExecutor-%d] DEBUG o.s.c.g.r.RouteDefinitionRouteLocator -   - RouteDefinition customer-service applying filter {name=customerServiceCB, fallbackuri=forward:/fallback/customers} to CircuitBreaker
2026-07-22 10:07:57.452 [DiscoveryClient-CacheRefreshExecutor-%d] DEBUG o.s.c.g.r.RouteDefinitionRouteLocator -   - RouteDefinition matched: customer-service
2026-07-22 10:07:57.453 [DiscoveryClient-CacheRefreshExecutor-%d] DEBUG o.s.c.g.filter.GatewayMetricsFilter -   - New routes count: 10
2026-07-22 10:08:11.700 [SpringApplicationShutdownHook] INFO  o.s.c.n.e.s.EurekaServiceRegistry -   - Unregistering application API-GATEWAY with eureka with status DOWN
2026-07-22 10:08:11.701 [SpringApplicationShutdownHook] INFO  c.netflix.discovery.DiscoveryClient -   - Saw local status change event StatusChangeEvent [timestamp=1784695091701, current=DOWN, previous=UP]
2026-07-22 10:08:11.701 [DiscoveryClient-InstanceInfoReplicator-%d] INFO  c.netflix.discovery.DiscoveryClient -   - DiscoveryClient_API-GATEWAY/10.132.124.77:api-gateway:8080: registering service...
2026-07-22 10:08:11.702 [DiscoveryClient-InstanceInfoReplicator-%d] DEBUG o.s.web.client.RestTemplate -   - HTTP POST http://localhost:8761/eureka/apps/API-GATEWAY
2026-07-22 10:08:11.703 [DiscoveryClient-InstanceInfoReplicator-%d] DEBUG o.s.web.client.RestTemplate -   - Accept=[application/json, application/yaml, application/*+json]
2026-07-22 10:08:11.704 [SpringApplicationShutdownHook] INFO  o.s.b.w.e.netty.GracefulShutdown -   - Commencing graceful shutdown. Waiting for active requests to complete
2026-07-22 10:08:11.705 [netty-shutdown] INFO  o.s.b.w.e.netty.GracefulShutdown -   - Graceful shutdown complete
2026-07-22 10:08:11.705 [DiscoveryClient-InstanceInfoReplicator-%d] DEBUG o.s.web.client.RestTemplate -   - Writing [InstanceInfo [instanceId = 10.132.124.77:api-gateway:8080, appName = API-GATEWAY, hostName = 10.132.124.77, status = DOWN, ipAddr = 10.132.124.77, port = 8080, securePort = 443, dataCenterInfo = com.netflix.appinfo.MyDataCenterInfo@4cf9330f] as "application/json"
2026-07-22 10:08:11.710 [DiscoveryClient-InstanceInfoReplicator-%d] DEBUG o.s.web.client.RestTemplate -   - Response 204 NO_CONTENT
2026-07-22 10:08:11.710 [DiscoveryClient-InstanceInfoReplicator-%d] INFO  c.netflix.discovery.DiscoveryClient -   - DiscoveryClient_API-GATEWAY/10.132.124.77:api-gateway:8080 - registration status: 204
2026-07-22 10:08:12.715 [SpringApplicationShutdownHook] INFO  c.netflix.discovery.DiscoveryClient -   - Shutting down DiscoveryClient ...
2026-07-22 10:08:15.719 [SpringApplicationShutdownHook] INFO  c.netflix.discovery.DiscoveryClient -   - Unregistering ...
2026-07-22 10:08:15.719 [SpringApplicationShutdownHook] DEBUG o.s.web.client.RestTemplate -   - HTTP DELETE http://localhost:8761/eureka/apps/API-GATEWAY/10.132.124.77:api-gateway:8080
2026-07-22 10:08:15.719 [SpringApplicationShutdownHook] DEBUG o.s.web.client.RestTemplate -   - Accept=[application/json, application/yaml, application/*+json]
2026-07-22 10:08:15.723 [SpringApplicationShutdownHook] DEBUG o.s.web.client.RestTemplate -   - Response 200 OK
2026-07-22 10:08:15.723 [SpringApplicationShutdownHook] INFO  c.netflix.discovery.DiscoveryClient -   - DiscoveryClient_API-GATEWAY/10.132.124.77:api-gateway:8080 - deregister  status: 200
2026-07-22 10:08:15.723 [SpringApplicationShutdownHook] INFO  c.netflix.discovery.DiscoveryClient -   - Completed shut down of DiscoveryClient
